customer_code,register_time,most_often_purchased_city_tier,gender,if_binded_with_wecom,num_times_participated_community
C612560310,2023-09-05,3.0,Women,0,0
C465968571,2022-10-19,1.0,,0,0
C579559612,2025-04-16,1.0,Women,0,0
C754622923,2022-06-14,1.0,,1,0
C505233094,2022-05-04,1.0,,1,0
C914605665,2022-08-08,1.0,Women,1,0
C914011346,2025-03-08,1.5,,1,0
C707564997,2021-12-18,1.0,Women,0,0
C214529578,2023-08-24,1.0,,0,0
C275197459,2024-08-08,1.0,,0,0
C4418184010,2025-07-06,1.5,,0,0
C1217418911,2024-10-07,3.0,Women,0,0
C4755660212,2024-12-14,1.5,Women,1,0
C3296674213,2025-02-07,1.0,,0,0
C4878241514,2022-08-24,1.0,Women,0,0
C0546859015,2024-02-26,1.0,,1,0
C9442787116,2022-07-12,1.5,Women,1,0
C5533227217,2022-11-21,1.5,,1,0
C3125776618,2024-12-19,1.5,Women,1,0
C1752261219,2021-11-19,1.0,Women,1,0
C3337269920,2024-10-27,3.0,,1,0
C1712510621,2024-03-03,2.0,,1,0
C9942251622,2021-12-06,3.0,Women,1,0
C8245411123,2022-07-04,1.5,Men,1,0
C7883975924,2024-02-26,1.5,Women,0,0
C0831592825,2025-07-27,1.0,Men,0,0
C6448029826,2023-08-18,1.5,Women,0,0
C4058175727,2023-10-29,1.5,,0,0
C2318474028,2024-11-10,3.0,,1,0
C1709600029,2023-02-06,1.5,Men,0,0
C9612740330,2021-11-16,1.0,,0,0
C3949691731,2023-11-19,3.0,Women,1,0
C5218816932,2023-11-13,2.0,,1,0
C5712729133,2024-04-27,3.0,Women,0,0
C6420257034,2022-01-13,1.0,Women,0,0
C0387238435,2022-05-31,1.0,,0,0
C4030820736,2022-06-24,1.0,,0,0
C8272032737,2023-01-07,1.0,Men,1,0
C5898816238,2024-08-29,1.0,Women,0,0
C5249891439,2021-12-20,1.5,Women,1,0
C8242523240,2023-11-11,1.5,,0,0
C3664930741,2023-12-31,1.0,Men,0,0
C1365398842,2022-08-23,1.0,Women,1,0
C0066349043,2022-04-15,1.0,,1,0
C2135879644,2024-03-04,1.5,,0,0
C2000020645,2024-07-27,1.0,Women,0,0
C5257307746,2024-06-27,3.0,Women,0,0
C4499302947,2023-03-17,1.5,Men,1,0
C1803897948,2025-04-16,1.0,,1,0
C4987509649,2023-07-08,1.0,Men,0,0
C8127123750,2022-07-07,3.0,,0,0
C0297066051,2025-02-01,1.0,,1,0
C1787199052,2024-01-18,3.0,,0,0
C5147096253,2024-06-01,2.0,,1,0
C5923236254,2024-03-13,3.0,Women,0,0
C1526567455,2023-12-07,3.0,,0,0
C1135658656,2024-03-28,1.0,Women,0,0
C9453934857,2025-04-22,1.5,,1,0
C7050380958,2022-04-28,1.0,Women,1,0
C8960378559,2025-04-29,1.0,Men,0,0
C3437123560,2022-01-01,1.5,,0,0
C0367333761,2021-12-27,1.5,Men,1,0
C5122432262,2022-05-28,1.0,,0,0
C6837963763,2022-12-26,1.0,Women,0,0
C4115574264,2022-05-25,2.0,,0,0
C0242369465,2024-02-28,3.0,,0,0
C7635794566,2022-11-01,1.0,,1,0
C3561681467,2024-10-16,2.0,,1,0
C9157301068,2022-08-21,1.5,Women,0,0
C6477214869,2024-10-19,1.0,Women,0,0
C6092280370,2024-08-01,2.0,Men,0,0
C1070815271,2022-04-01,1.5,,0,0
C5319989072,2023-09-29,1.0,,1,0
C8813246673,2024-06-24,1.5,Men,1,0
C8247220874,2021-12-04,1.0,Women,0,0
C3965566875,2025-02-06,1.0,,1,0
C2899874376,2023-11-06,1.0,Men,0,33
C6520176577,2023-12-17,1.5,Men,1,0
C1735924878,2022-11-02,2.0,Women,1,0
C9028109579,2024-12-31,3.0,Men,0,0
C9233222680,2025-02-28,2.0,,1,0
C9199485981,2025-07-24,1.0,Women,0,53
C1752566882,2022-02-11,3.0,Women,1,0
C3783071083,2024-01-16,2.0,,1,0
C5025066584,2025-01-28,3.0,,1,0
C3710654585,2024-11-11,2.0,,1,0
C4988956386,2023-04-28,1.0,Women,0,0
C9859859387,2024-07-23,3.0,Women,1,0
C0261709888,2024-06-09,3.0,Women,1,0
C3576887289,2022-10-14,1.5,Women,0,0
C0425234290,2024-12-19,2.0,,1,0
C8963954291,2025-06-12,1.0,Women,1,0
C6645258892,2024-08-25,1.5,Women,1,0
C5699167193,2023-11-26,3.0,,1,0
C3086853894,2023-08-22,3.0,,0,0
C6761433195,2024-10-02,1.5,Women,1,0
C0288490196,2023-12-23,1.5,,1,0
C7054900697,2024-12-03,1.0,Women,0,0
C0121324798,2022-12-30,1.5,,0,0
C0944726299,2023-05-30,1.5,,0,0
C90294043100,2025-03-26,2.0,Women,1,0
C46993945101,2024-07-06,2.0,Men,1,0
C41633009102,2024-02-06,1.0,Women,0,0
C77287788103,2023-01-15,1.0,,0,0
C13315462104,2022-06-03,2.0,Women,1,0
C26904030105,2021-11-11,1.0,Women,0,0
C71815502106,2023-04-26,1.5,Men,1,0
C10368370107,2025-01-05,1.0,Women,1,0
C16211368108,2024-12-19,1.5,,1,0
C82195039109,2023-11-12,1.5,,1,0
C13035797110,2023-08-07,1.0,,0,0
C42381903111,2023-10-13,1.0,Men,0,0
C52867364112,2024-08-31,3.0,Women,0,0
C54276291113,2023-10-21,3.0,,1,0
C82333319114,2023-03-08,3.0,,0,0
C94285211115,2023-03-24,3.0,Women,0,0
C65088466116,2025-03-14,3.0,,1,0
C31514554117,2025-01-04,1.0,,0,0
C28252590118,2024-11-07,1.5,Women,0,0
C02895286119,2024-02-19,1.5,,0,0
C41646491120,2025-04-12,1.5,Women,0,0
C79564297121,2024-09-01,2.0,Women,1,0
C11257692122,2022-12-03,1.5,Women,1,0
C59875943123,2024-11-25,1.5,,0,0
C74864928124,2023-12-14,1.5,Women,1,0
C53062758125,2024-04-19,2.0,Men,0,0
C04715536126,2024-04-03,1.5,Women,0,0
C88327053127,2025-03-17,1.5,,0,0
C79199192128,2023-01-07,3.0,Women,1,0
C91677177129,2022-06-21,1.0,,0,0
C23395540130,2024-06-25,2.0,Women,1,0
C30837153131,2021-12-12,2.0,,0,0
C52487433132,2024-08-05,2.0,Men,0,0
C91470820133,2025-02-23,1.0,,1,0
C06411444134,2023-12-14,1.0,Women,0,0
C36159451135,2022-09-05,1.0,,0,0
C36268132136,2021-11-26,1.0,,1,0
C42454491137,2025-03-13,1.5,,1,0
C87850266138,2025-01-25,1.5,Women,1,0
C55054044139,2024-12-09,1.5,,1,0
C96857926140,2025-03-15,3.0,,0,0
C73272514141,2024-12-12,1.0,,1,0
C01372549142,2022-07-19,3.0,Men,1,0
C03979857143,2022-11-09,1.0,Men,1,0
C99172573144,2023-08-27,2.0,Men,1,0
C21435908145,2025-07-24,1.0,,1,0
C80036573146,2023-07-02,2.0,,0,0
C04926356147,2024-02-13,1.5,Women,0,0
C20223320148,2023-07-22,3.0,Men,0,0
C96158238149,2025-07-21,1.0,,1,0
C12901411150,2023-02-21,1.0,,1,0
C30569485151,2024-06-24,2.0,,0,0
C88207711152,2024-12-01,3.0,,0,0
C42057700153,2024-06-24,1.0,,0,0
C64804891154,2024-10-17,1.5,Men,1,0
C12655841155,2023-09-16,1.5,,0,0
C47740850156,2023-08-31,2.0,Men,0,0
C52301853157,2023-04-17,1.0,,1,0
C04009593158,2024-01-25,3.0,Women,1,0
C16943948159,2024-09-14,1.5,,0,0
C59930769160,2025-06-07,1.0,,1,0
C37768310161,2024-03-16,1.5,,0,0
C04023095162,2024-11-01,3.0,,0,0
C87583313163,2022-08-21,2.0,,0,0
C94019588164,2023-09-22,1.0,Women,0,0
C81499718165,2024-11-10,1.0,Women,1,0
C44243994166,2024-07-11,1.0,,0,0
C77404883167,2023-08-17,1.5,Men,0,0
C30911984168,2025-01-06,1.0,Women,1,0
C22123846169,2025-06-03,2.0,,1,0
C23829670170,2021-11-10,3.0,Men,0,0
C06369991171,2024-01-04,2.0,,0,0
C90856624172,2023-06-01,2.0,,0,0
C71614204173,2022-01-07,2.0,,1,0
C39622555174,2024-11-24,2.0,Women,1,0
C97185844175,2023-02-20,1.0,,0,0
C67439960176,2022-11-21,1.0,Women,1,0
C23027273177,2023-06-18,1.5,,0,0
C20374500178,2022-07-21,3.0,Women,0,0
C29552138179,2021-12-13,1.0,Women,1,0
C94454162180,2022-05-09,1.0,,0,0
C19986357181,2023-05-22,2.0,Men,1,0
C49185788182,2022-12-09,1.0,,0,0
C03126376183,2025-05-20,1.5,,0,0
C70697974184,2022-07-06,2.0,Men,0,0
C98153332185,2025-02-26,1.0,Men,1,0
C78094969186,2024-03-18,1.5,Women,1,0
C26271342187,2024-05-10,1.0,,0,0
C02006526188,2024-11-23,1.5,Women,0,0
C91482442189,2025-06-04,1.0,Women,0,0
C98912508190,2023-04-21,1.0,Women,1,0
C69916593191,2021-12-22,1.0,Women,1,0
C63967626192,2024-09-23,3.0,,0,0
C89208620193,2022-01-29,1.5,,0,0
C36348128194,2023-11-27,1.5,,1,0
C12933782195,2024-03-23,1.5,Men,1,0
C67565347196,2025-02-11,1.5,Women,1,0
C64965300197,2023-10-14,2.0,Women,0,0
C35336882198,2024-10-05,1.0,,1,0
C55996542199,2023-03-30,1.0,,1,0
C61346948200,2022-07-04,1.0,,0,0
C21838540201,2024-10-04,1.0,Women,1,0
C43528900202,2024-09-06,1.0,Men,1,0
C44471903203,2023-05-02,1.0,Women,1,0
C98788649204,2025-05-28,1.0,Women,1,0
C67177650205,2023-02-25,1.0,Men,1,0
C91926689206,2022-10-10,2.0,Women,1,0
C55358962207,2024-11-12,1.0,Women,1,0
C96631563208,2022-05-23,1.0,Women,0,0
C65821203209,2024-12-09,2.0,,1,0
C24279550210,2022-11-09,1.0,,1,0
C99047991211,2024-12-13,1.5,,0,0
C74472783212,2024-01-15,2.0,Women,0,0
C66776629213,2025-07-09,1.0,,1,0
C70522220214,2024-05-25,3.0,Women,0,0
C09846896215,2025-07-07,3.0,,1,0
C62915992216,2024-07-13,2.0,Men,0,0
C62322245217,2022-04-16,1.5,,0,0
C26125570218,2022-12-22,3.0,,0,0
C84855922219,2024-03-22,1.5,Women,1,0
C46793250220,2023-02-16,1.0,,1,0
C00869884221,2025-07-05,1.0,,1,0
C99730496222,2022-05-26,1.0,,1,0
C12359848223,2023-11-03,2.0,Women,0,0
C48474772224,2021-12-20,2.0,,1,0
C00493237225,2023-12-21,1.5,,0,0
C26829064226,2025-05-15,3.0,,0,0
C73386719227,2024-09-28,1.0,Women,1,0
C84400363228,2022-04-23,1.5,Men,0,0
C40305020229,2022-05-29,1.0,Men,1,0
C98186832230,2023-10-23,1.0,,1,0
C53878681231,2023-07-26,1.5,,1,0
C06296134232,2024-02-08,2.0,Men,0,0
C54006815233,2022-10-19,1.0,Women,0,0
C72033035234,2023-06-05,1.0,,0,28
C38581973235,2022-11-05,3.0,,0,0
C45972882236,2021-11-12,1.5,Women,0,0
C88089514237,2024-02-29,1.0,,1,0
C42063563238,2022-05-03,1.5,Men,1,0
C73398425239,2022-04-14,1.5,,0,0
C27618565240,2022-05-14,1.0,Women,1,0
C39537005241,2024-03-04,1.0,Women,1,0
C32692177242,2022-05-20,1.5,Women,0,0
C99566464243,2022-03-12,1.0,,1,0
C33256615244,2023-12-03,1.0,,0,0
C85367756245,2024-09-30,2.0,,1,0
C33966554246,2022-07-19,1.0,Women,1,0
C49336505247,2023-10-22,1.0,,0,0
C56236757248,2023-06-23,1.5,Women,0,2
C66411394249,2024-06-03,2.0,Women,0,0
C61802591250,2022-03-22,1.5,Women,0,0
C80210488251,2022-02-23,3.0,Women,1,0
C13013151252,2024-12-27,3.0,Men,1,0
C85427783253,2024-10-23,1.0,,0,0
C47052855254,2023-09-22,1.0,,1,0
C25509107255,2022-03-02,2.0,,0,0
C76014434256,2022-03-13,1.0,,0,0
C24631580257,2022-05-15,2.0,Women,0,0
C38480390258,2021-12-29,1.5,Women,0,0
C55556187259,2024-08-15,1.0,Men,1,0
C37144640260,2024-01-11,2.0,,1,0
C42885893261,2025-07-14,1.5,,0,0
C08021241262,2024-04-13,1.0,,0,0
C43144241263,2022-09-26,3.0,Women,0,0
C99176710264,2024-01-08,2.0,Women,1,14
C49129682265,2022-04-25,1.5,,1,0
C68067901266,2022-08-21,1.5,,0,0
C19277864267,2022-02-20,1.0,Women,0,0
C17555299268,2024-09-28,1.0,,0,0
C03428038269,2024-02-09,1.0,Women,0,0
C13240893270,2023-08-15,1.5,,0,0
C15753489271,2023-11-05,1.5,Women,1,0
C07456331272,2022-08-30,1.0,Women,1,0
C83366185273,2025-03-26,1.5,Women,1,0
C05572275274,2023-03-26,1.5,Women,1,0
C85972349275,2025-05-05,2.0,,0,0
C47021219276,2025-01-10,1.0,,1,0
C71800099277,2022-10-17,2.0,,0,0
C33211007278,2023-02-02,1.5,,0,0
C46783924279,2023-09-25,1.5,Women,1,0
C12913531280,2023-12-02,1.0,,1,0
C16272325281,2024-08-27,1.0,,1,0
C89353614282,2022-12-23,1.0,Men,1,0
C71802247283,2022-09-20,1.5,,0,2
C12485486284,2021-12-30,1.5,,1,0
C96358639285,2024-06-27,1.5,,0,0
C77344818286,2022-12-19,1.5,,1,0
C63993062287,2025-05-11,2.0,,0,0
C95286163288,2022-08-23,1.0,Women,0,0
C12464499289,2025-01-02,1.0,,0,0
C26619333290,2023-08-04,1.5,,1,0
C47243193291,2024-05-05,1.5,,1,0
C15200385292,2023-08-08,1.5,,0,0
C86849951293,2023-06-12,3.0,Women,0,0
C28488705294,2025-06-21,1.0,Women,0,0
C89065156295,2024-01-26,2.0,,0,0
C36509605296,2025-03-03,2.0,Women,1,0
C47559266297,2022-11-19,1.5,,1,0
C15499102298,2025-06-30,2.0,,1,0
C63178597299,2024-06-18,1.0,,1,0
C60153651300,2024-12-05,1.0,,0,0
C90999647301,2024-06-06,1.0,Women,1,0
C06659451302,2024-07-29,1.0,Women,0,0
C75732933303,2025-02-27,1.5,,1,0
C58223746304,2023-05-05,2.0,Men,1,0
C77379444305,2022-06-26,3.0,Women,1,0
C53824223306,2025-06-13,1.5,,1,0
C33709195307,2022-07-20,2.0,Women,0,0
C96726542308,2023-05-05,1.0,Men,0,0
C96896203309,2022-05-21,1.0,,1,0
C77714397310,2024-12-29,1.0,Men,0,0
C31194048311,2022-09-22,3.0,,1,0
C03917773312,2024-06-09,1.5,Women,1,0
C40478533313,2022-03-29,1.5,Women,1,0
C77380536314,2022-09-23,1.5,,0,0
C16016579315,2024-08-25,1.5,,0,0
C73642658316,2022-02-06,3.0,Men,0,0
C53232815317,2025-02-09,1.5,,1,0
C31857512318,2024-03-09,1.5,,1,0
C85135927319,2025-03-12,2.0,Women,0,0
C23451126320,2022-03-07,3.0,Women,0,0
C85482422321,2025-02-03,1.0,,1,0
C55158556322,2022-06-09,1.5,Women,1,0
C89698657323,2022-03-15,1.0,Women,0,0
C12710702324,2024-08-14,3.0,,1,0
C69570892325,2025-02-17,1.5,Men,0,0
C21239604326,2025-07-22,1.0,,1,0
C86905125327,2021-12-19,1.0,Women,1,0
C81119753328,2023-01-08,3.0,,0,0
C70353458329,2022-09-23,1.5,Women,0,0
C26087933330,2022-09-08,1.5,Women,1,0
C51065942331,2024-03-31,1.0,,1,0
C32788437332,2022-05-25,2.0,Men,0,51
C17939121333,2022-07-23,1.0,Women,1,0
C98248103334,2025-07-09,1.0,,1,0
C41581280335,2024-11-03,2.0,Women,1,0
C20377049336,2025-03-10,1.5,Women,0,0
C17499104337,2024-05-16,1.5,Women,1,0
C86321267338,2021-12-04,3.0,Men,0,0
C92869094339,2025-06-28,1.0,Women,1,0
C31087110340,2023-03-22,1.0,Men,0,0
C84987810341,2023-11-26,2.0,Men,1,0
C29766666342,2023-01-21,3.0,Men,0,0
C29110613343,2024-04-12,1.5,,0,0
C98053678344,2025-04-23,1.0,,1,0
C23022104345,2024-11-13,1.0,,1,0
C85250384346,2024-03-17,1.0,,1,0
C50966851347,2022-06-23,1.5,Women,1,0
C03114308348,2022-12-29,3.0,Men,0,0
C26813819349,2022-11-21,1.0,,0,0
C32107417350,2022-08-04,2.0,,1,0
C90464514351,2023-01-06,1.5,Women,0,0
C26771302352,2024-10-19,2.0,,1,0
C57967873353,2023-09-26,2.0,Women,1,0
C06905312354,2022-08-08,1.0,,1,0
C18077864355,2025-02-02,1.5,Women,0,0
C45096205356,2021-11-22,2.0,,0,0
C28519472357,2024-07-15,2.0,,0,0
C07320386358,2023-11-02,1.5,,1,0
C31315886359,2022-06-20,1.0,,0,0
C78483790360,2022-07-26,1.5,,1,0
C11799998361,2024-07-18,1.5,,1,0
C36511916362,2022-12-07,1.0,,1,0
C12158956363,2022-06-28,1.0,,1,0
C58772245364,2022-04-30,2.0,Women,1,0
C04140150365,2024-09-02,1.0,,1,0
C26664949366,2024-04-28,2.0,,1,0
C44804614367,2024-06-09,1.0,,1,0
C10095660368,2023-11-29,1.0,,0,0
C72767693369,2024-07-15,1.0,Women,0,0
C31301427370,2025-04-01,1.0,,0,0
C72629581371,2022-11-28,1.0,,0,0
C84417795372,2024-11-02,1.5,Women,1,0
C46850449373,2023-07-17,1.5,,1,0
C46127365374,2022-08-24,2.0,Men,0,0
C51509021375,2025-05-20,1.5,,0,0
C58171072376,2024-02-03,1.0,Women,0,0
C09284555377,2022-09-18,1.0,,0,0
C56688288378,2021-11-17,3.0,,0,0
C97386968379,2023-12-03,1.0,,1,0
C70605471380,2025-03-12,3.0,,0,0
C62380754381,2023-04-15,1.0,Women,1,0
C47315494382,2022-12-25,1.5,,1,0
C38917823383,2022-09-13,1.0,,0,0
C78424417384,2021-11-10,2.0,Women,1,0
C30938709385,2024-11-27,3.0,Women,1,0
C64696580386,2024-03-05,1.5,,1,0
C57420354387,2023-07-18,2.0,,0,0
C66675555388,2024-07-04,1.5,Men,0,0
C24096398389,2023-01-28,1.5,Men,1,0
C22707706390,2023-02-23,1.5,,1,0
C44424609391,2021-11-18,1.0,,1,0
C59597820392,2023-03-26,1.0,,1,0
C51890879393,2022-06-21,1.5,Women,1,0
C57079206394,2024-10-06,1.5,Women,1,0
C10891093395,2024-05-01,1.5,,0,0
C48019990396,2024-04-20,1.0,,0,0
C36239307397,2024-01-24,1.0,,1,0
C02193707398,2023-02-21,1.0,,1,0
C80196342399,2021-11-27,1.5,,0,0
C38454446400,2023-05-27,1.5,,0,0
C96375184401,2025-06-14,2.0,,1,0
C86668302402,2023-03-04,1.0,,1,0
C76246394403,2023-01-11,1.5,,1,0
C46507332404,2025-06-27,1.0,,0,0
C12717197405,2025-05-23,3.0,Women,0,0
C46997205406,2024-09-22,1.0,,1,0
C83320386407,2024-07-27,1.5,,0,0
C99326722408,2024-07-30,2.0,Women,1,0
C25981478409,2024-05-07,1.0,Women,1,0
C37108536410,2022-06-15,1.5,,1,0
C99655873411,2022-12-19,3.0,Men,1,0
C09765519412,2023-06-04,3.0,Women,1,0
C93833065413,2024-09-24,3.0,Women,1,0
C16350728414,2023-09-04,2.0,,1,0
C93634421415,2024-11-11,3.0,Men,0,0
C52491021416,2024-05-31,1.5,Women,0,0
C22017429417,2022-12-06,1.0,,1,0
C05803497418,2023-04-17,1.0,,0,0
C86179735419,2022-04-10,1.5,,1,0
C70104236420,2022-03-01,1.0,Women,1,0
C60395690421,2025-05-27,1.0,Women,0,0
C29813273422,2022-03-13,3.0,Women,0,0
C54830160423,2023-02-15,1.0,Women,1,0
C02710192424,2024-07-03,1.5,Women,1,0
C08739737425,2025-04-27,2.0,,0,0
C15177226426,2022-01-06,2.0,,0,0
C64906610427,2024-07-14,1.0,Women,0,0
C59395621428,2022-07-11,1.0,Women,1,0
C12310072429,2021-11-18,1.5,,0,0
C44702535430,2022-12-04,1.0,Women,0,0
C60349930431,2023-01-13,1.0,,0,0
C17853993432,2024-04-20,1.0,Women,1,0
C83555080433,2023-05-10,1.0,,1,0
C09147238434,2024-09-19,1.0,Women,0,0
C58651345435,2025-03-27,3.0,Women,0,0
C59619902436,2025-05-31,3.0,,0,0
C32745394437,2025-05-06,1.0,Women,1,0
C58575559438,2022-10-25,1.0,,0,0
C37663552439,2022-09-20,1.0,,0,0
C36501945440,2025-02-16,1.0,Women,0,0
C46224197441,2025-07-23,1.0,,0,0
C59331800442,2025-01-13,3.0,,1,0
C82382369443,2022-01-08,2.0,Women,0,0
C21143405444,2021-11-10,1.0,,1,0
C04009228445,2024-03-01,2.0,Women,0,0
C90840451446,2025-01-02,1.0,Men,0,0
C76753318447,2022-07-20,1.5,,0,0
C73396510448,2023-08-17,2.0,,0,0
C92792625449,2022-06-07,1.0,Women,1,0
C19578712450,2023-01-19,2.0,Women,1,0
C62052773451,2024-04-25,1.5,,0,0
C26201879452,2023-10-23,1.0,Men,1,0
C14339643453,2022-06-13,2.0,Women,1,0
C03504539454,2025-05-05,1.0,Men,0,0
C41426368455,2021-11-11,1.5,,1,0
C85072994456,2023-05-06,2.0,,1,0
C53273792457,2022-05-04,2.0,,1,0
C04222649458,2022-09-02,3.0,Women,0,0
C48038975459,2022-08-09,1.5,,0,0
C91503317460,2022-09-30,1.0,,1,0
C81198620461,2022-11-28,3.0,,0,0
C02604840462,2022-09-15,1.5,,1,0
C51669437463,2024-01-01,1.5,Women,0,0
C18649584464,2022-05-05,2.0,,0,0
C45640439465,2021-11-12,1.0,,1,0
C23504847466,2023-03-21,1.5,,0,0
C66642362467,2023-07-01,1.5,,1,0
C60363034468,2022-08-06,1.0,Women,0,0
C76008983469,2022-01-01,1.5,Women,1,0
C52508986470,2024-05-05,1.5,Women,1,0
C94410064471,2023-07-02,1.0,,0,0
C89515388472,2023-01-21,3.0,,1,0
C29150160473,2021-11-22,1.5,,0,0
C79554981474,2021-12-09,1.0,,0,0
C83841043475,2024-08-17,3.0,,0,0
C37622600476,2023-06-19,1.0,,0,0
C87656192477,2022-03-31,1.0,Women,0,0
C00505973478,2023-12-07,3.0,,1,0
C89456919479,2022-06-13,2.0,Women,1,0
C71547184480,2023-08-29,1.0,Women,0,0
C60721170481,2025-03-24,1.0,,0,0
C30828425482,2025-01-01,1.5,Men,1,0
C16044856483,2022-09-06,1.0,Women,0,0
C07049957484,2023-06-21,3.0,,0,0
C91328698485,2023-09-12,3.0,Women,1,0
C11014660486,2023-12-21,2.0,,1,0
C99617037487,2024-07-02,1.5,,1,0
C29760005488,2022-12-27,3.0,Women,1,0
C99077299489,2025-06-09,1.0,Women,0,0
C63385693490,2022-10-15,1.5,Women,0,0
C03443460491,2022-04-23,1.5,,0,0
C51558982492,2025-04-14,1.5,,1,0
C68211174493,2023-12-14,2.0,Men,0,0
C83032096494,2025-02-10,1.0,Men,1,0
C18936050495,2025-03-27,1.0,Women,0,0
C32578597496,2024-04-01,3.0,Women,0,0
C86252484497,2021-12-20,1.0,Women,0,0
C39473586498,2022-07-21,1.5,,0,0
C94590572499,2022-10-24,1.0,,1,0
C76207277500,2022-05-02,1.5,,0,0
C11805263501,2022-05-06,1.0,Men,1,0
C82714537502,2023-10-29,1.0,Women,0,0
C38304130503,2022-04-01,1.5,,1,0
C81968670504,2023-04-15,2.0,Men,0,0
C50440851505,2023-07-04,1.0,,1,0
C89027047506,2022-09-27,1.5,Men,0,0
C33064505507,2025-06-17,1.5,Women,1,0
C67091164508,2022-06-13,1.5,Women,0,0
C55371487509,2024-10-16,1.0,,1,0
C76518236510,2024-11-10,1.0,Women,1,0
C60956694511,2023-09-02,1.0,,0,0
C07359765512,2024-05-18,1.5,,0,0
C53434659513,2025-06-14,1.0,,0,0
C34458182514,2023-03-27,3.0,,1,0
C37161458515,2025-03-15,1.5,,1,0
C16219672516,2022-07-17,2.0,Men,1,0
C80200726517,2023-01-28,1.5,Women,1,0
C37290410518,2023-04-20,2.0,,1,0
C30264063519,2025-04-30,1.5,,1,0
C79593973520,2024-06-30,1.0,Women,0,0
C33819654521,2022-08-20,1.5,,1,0
C78739079522,2023-12-17,1.0,,0,0
C90824975523,2022-03-13,1.0,,1,0
C88212989524,2025-07-27,1.5,,1,0
C88460939525,2022-06-17,1.5,Women,1,0
C24668606526,2022-12-19,1.0,Women,0,0
C35175565527,2025-03-05,1.0,Women,0,0
C92701811528,2024-09-06,1.0,Women,0,0
C34015280529,2022-04-25,2.0,,0,0
C34698166530,2022-08-24,1.5,Women,0,0
C44499904531,2025-04-06,1.0,,1,0
C83142445532,2023-01-10,1.0,Women,1,0
C50275390533,2022-05-07,1.0,Men,0,0
C95268408534,2023-01-13,1.5,Women,1,0
C10412950535,2023-04-28,1.5,,1,0
C82079228536,2024-08-11,1.0,Women,1,0
C41857060537,2022-09-02,3.0,Women,0,0
C69948660538,2024-08-21,1.5,,1,0
C86921448539,2023-09-02,1.5,Women,1,0
C66303870540,2022-05-22,1.0,Men,1,0
C33877317541,2022-11-15,1.5,,1,0
C88034825542,2023-10-27,2.0,Men,0,0
C08404244543,2024-08-20,1.0,,1,0
C52374033544,2025-06-25,1.0,,0,0
C68108111545,2025-05-26,1.5,,0,0
C85158730546,2022-09-09,1.0,,1,0
C98945026547,2022-03-19,1.0,,0,0
C37026695548,2024-10-06,1.0,Women,1,0
C29234624549,2024-12-03,3.0,,1,0
C43375436550,2023-08-11,2.0,Men,1,0
C43344087551,2023-01-09,1.5,Women,0,0
C54344536552,2024-11-01,1.5,,1,0
C40167147553,2025-03-16,1.5,Women,0,0
C00209472554,2021-12-19,1.5,Women,1,0
C26173736555,2022-10-25,1.0,,0,0
C09049847556,2022-02-26,1.5,Women,0,0
C37108665557,2022-04-04,1.0,Women,0,0
C39795199558,2024-10-30,1.0,Women,0,0
C81604236559,2024-05-18,3.0,,1,0
C24719464560,2023-07-18,1.5,Women,1,0
C63379955561,2023-08-08,1.0,,0,0
C01759639562,2025-01-03,1.5,Women,0,0
C01814670563,2022-06-20,1.0,Women,1,0
C83060312564,2023-10-21,1.0,Women,0,0
C81044744565,2024-10-24,1.0,,0,0
C56792865566,2024-06-05,1.0,Women,1,0
C43016988567,2023-04-06,1.0,Women,1,0
C51168283568,2025-01-06,3.0,,1,0
C36386357569,2023-05-07,1.0,Women,1,0
C63330269570,2023-05-10,2.0,,1,0
C63281486571,2023-11-09,1.0,,0,0
C53752510572,2024-10-11,1.5,,1,0
C08432099573,2024-02-22,1.5,,0,0
C60627554574,2024-06-12,3.0,Women,1,22
C26373382575,2024-06-25,1.0,,1,0
C45350970576,2023-04-28,1.0,Women,1,0
C03040816577,2024-11-21,1.5,,1,0
C29555973578,2022-04-22,1.0,,1,0
C89622241579,2022-04-27,1.5,Men,1,0
C29164704580,2024-08-04,3.0,,0,0
C29302620581,2023-09-18,1.0,Women,1,0
C23802446582,2023-09-17,1.5,,0,0
C41559210583,2024-10-12,1.0,Women,0,0
C90501458584,2025-03-22,1.0,Women,0,0
C32148693585,2023-10-22,3.0,Women,0,0
C36941244586,2023-08-31,1.5,Women,0,0
C06554026587,2024-03-02,3.0,,0,0
C64821421588,2024-08-26,2.0,Women,0,0
C95676886589,2024-01-05,1.0,Women,1,0
C42614074590,2022-09-02,3.0,,1,0
C81746804591,2025-02-21,1.0,,1,0
C07709755592,2024-04-04,1.5,,0,0
C55916456593,2023-12-11,1.5,Women,0,0
C06406349594,2021-12-08,1.0,,0,0
C15611177595,2025-04-26,1.0,Men,1,0
C43886280596,2022-11-14,2.0,Women,0,0
C96339447597,2022-12-16,1.5,Women,0,0
C00539758598,2023-04-27,1.5,Women,0,0
C19044163599,2022-01-02,1.5,,1,0
C73177498600,2024-08-18,1.5,,0,0
C26760745601,2025-07-23,1.0,,1,0
C78863338602,2024-04-06,1.5,,1,0
C36203571603,2023-12-11,1.0,Men,0,0
C38068620604,2022-06-14,1.5,,0,0
C35570465605,2022-05-22,1.0,Men,1,0
C39626406606,2024-09-23,3.0,,1,0
C05202981607,2025-07-17,1.5,Women,0,0
C94119012608,2024-08-09,1.0,Women,1,0
C25102325609,2022-05-02,1.5,,0,0
C70264917610,2022-02-03,2.0,,1,0
C98764173611,2024-12-04,1.0,Women,0,0
C41586421612,2024-02-10,1.0,,1,0
C03138701613,2025-01-07,2.0,Women,0,0
C14704875614,2025-06-15,1.5,Women,1,0
C04136971615,2023-06-26,1.0,Women,0,0
C08385979616,2023-07-22,2.0,,0,0
C87869806617,2025-06-20,3.0,,1,72
C55852957618,2024-06-18,1.0,,1,0
C99880792619,2025-01-25,1.5,,0,0
C19725920620,2025-04-20,2.0,Women,0,0
C86273409621,2022-02-07,3.0,,0,0
C52730382622,2024-06-04,2.0,Women,1,0
C50680376623,2022-11-21,1.0,Men,1,0
C42675721624,2025-07-26,3.0,,1,0
C26934737625,2022-12-07,1.0,,0,0
C12809234626,2023-02-06,1.0,,0,0
C01320706627,2023-07-06,3.0,,0,0
C61922643628,2024-01-16,1.0,,1,0
C26299880629,2024-05-20,1.5,Women,1,0
C97124581630,2024-02-11,1.0,Women,0,0
C07890257631,2023-09-29,1.0,,0,0
C10328255632,2022-09-08,1.0,Women,0,0
C95246999633,2024-12-16,1.5,,0,0
C67943178634,2023-10-06,1.5,Men,1,0
C74029195635,2024-02-04,2.0,,0,0
C50196715636,2025-05-08,1.5,Men,0,0
C67965074637,2022-10-08,1.5,Women,1,0
C34652553638,2025-06-12,2.0,,0,0
C11045496639,2022-11-18,1.0,Women,0,0
C39965704640,2024-10-23,1.0,Women,0,0
C07623109641,2024-01-24,1.0,,1,0
C00811364642,2025-06-03,3.0,Women,0,0
C08706435643,2024-09-17,2.0,,1,0
C02544741644,2022-04-30,1.5,Women,1,0
C48058408645,2023-02-01,1.5,Women,1,0
C16656900646,2022-05-24,1.5,Men,1,0
C79201110647,2025-01-14,2.0,,1,0
C33549909648,2023-10-05,1.0,,1,0
C84339097649,2025-04-25,1.0,Women,1,0
C95986616650,2022-11-10,1.0,,0,0
C22810150651,2025-05-04,2.0,Women,0,0
C95272408652,2023-11-27,3.0,Men,1,0
C88316453653,2022-02-04,3.0,,1,0
C03392368654,2023-12-08,1.0,Women,0,0
C50241382655,2024-10-27,1.0,Women,0,0
C73846895656,2025-07-23,1.0,Women,1,0
C90214689657,2022-03-19,2.0,,1,0
C48326973658,2024-05-05,1.0,Women,1,0
C00634255659,2022-09-12,2.0,Women,0,0
C80694296660,2022-11-11,1.5,,1,0
C95395693661,2024-09-20,1.0,,1,0
C86277827662,2023-03-26,3.0,,1,0
C29717925663,2022-01-17,3.0,,0,0
C39371889664,2025-03-23,1.5,,1,0
C81323819665,2024-08-23,3.0,Women,0,0
C86598873666,2024-08-09,2.0,,0,0
C81641510667,2025-02-13,1.5,,0,0
C27672911668,2023-11-13,2.0,Men,1,0
C52801746669,2023-09-05,1.0,Women,0,0
C34715912670,2023-03-15,2.0,Men,1,0
C88769696671,2025-07-08,1.0,Women,0,0
C41987287672,2024-03-09,1.5,Men,0,0
C87824444673,2025-05-26,1.0,,0,0
C26936296674,2023-08-09,1.5,Women,0,0
C92815771675,2022-02-26,2.0,Women,1,0
C04538916676,2024-11-10,1.5,,1,0
C35967988677,2023-01-26,1.0,Women,1,0
C28046819678,2025-03-15,1.0,,0,0
C66370901679,2023-03-22,1.5,Women,1,0
C11349439680,2023-03-05,3.0,,0,0
C61986808681,2023-04-15,3.0,,1,0
C34855374682,2022-03-09,1.5,Women,1,0
C30872686683,2024-11-21,3.0,,0,0
C56498906684,2024-05-26,1.0,,0,0
C86691549685,2022-06-02,1.5,Women,1,0
C85804067686,2024-09-12,2.0,Men,1,49
C69164399687,2023-02-02,1.5,Women,1,0
C03069335688,2022-10-13,1.0,Women,1,0
C09515043689,2022-03-11,2.0,Men,0,0
C20405819690,2023-06-20,1.5,Women,1,0
C01133849691,2025-04-22,2.0,,0,0
C20387241692,2025-07-05,1.0,Men,0,28
C74714794693,2022-02-12,3.0,,0,0
C32983513694,2023-09-17,1.0,,0,0
C95846124695,2024-03-13,3.0,Women,0,0
C41171695696,2023-09-03,1.0,Men,1,0
C05450683697,2024-10-12,2.0,Women,1,0
C51842565698,2023-04-14,1.5,,0,0
C69722010699,2025-01-06,1.5,Women,0,0
C35932357700,2022-01-27,1.0,Women,1,0
C69412687701,2023-11-01,2.0,Men,0,0
C15036101702,2025-06-21,1.5,Men,1,0
C65505782703,2022-08-02,1.0,,0,0
C49781960704,2022-12-19,3.0,,0,0
C99779601705,2024-08-26,1.0,Women,1,42
C57297218706,2025-07-03,1.5,Women,1,0
C37463671707,2025-02-14,1.0,,1,0
C09239337708,2023-11-09,1.5,Women,1,0
C10147307709,2024-05-08,1.0,Women,0,0
C27180926710,2024-04-11,1.5,,1,0
C78321678711,2024-11-19,1.0,Women,1,0
C80748827712,2023-02-26,1.5,Women,1,0
C03968016713,2023-09-30,1.5,,1,0
C40117203714,2023-09-04,1.5,Women,0,0
C90193765715,2023-04-30,1.5,,1,0
C57402745716,2025-01-20,1.0,Men,0,48
C62088176717,2025-01-22,1.5,,0,0
C55739296718,2023-02-03,3.0,,0,0
C24898967719,2024-05-18,1.5,,0,0
C53049845720,2025-06-27,2.0,,0,0
C19790901721,2023-04-22,1.0,,1,0
C34494820722,2022-07-26,3.0,Women,1,0
C64756857723,2024-11-18,2.0,,0,0
C43740675724,2025-02-11,3.0,,0,0
C81889307725,2025-01-14,2.0,,0,0
C60641675726,2022-06-21,1.0,,1,0
C09704538727,2023-06-22,1.0,Women,0,0
C56074716728,2025-02-04,1.5,,0,0
C57619711729,2023-04-08,1.0,,0,0
C32150291730,2024-02-29,3.0,,0,0
C65809467731,2025-02-11,1.5,,1,0
C10089953732,2021-12-24,3.0,Women,0,0
C46454034733,2023-06-20,3.0,,1,0
C85131021734,2022-01-21,1.0,,1,0
C50001911735,2025-03-11,1.5,Men,1,0
C78072879736,2023-05-29,1.5,,1,0
C01032541737,2022-10-23,1.5,Men,1,0
C65587216738,2022-12-25,1.5,Women,1,0
C02301530739,2024-08-25,1.0,Women,1,0
C87201856740,2023-12-01,1.0,,1,0
C75276567741,2022-08-21,1.0,Women,1,0
C09007243742,2023-04-13,1.5,,1,0
C24084436743,2023-04-04,1.0,Women,0,0
C51847636744,2024-05-26,1.0,,1,0
C11213502745,2024-12-02,2.0,Women,1,0
C89987454746,2022-03-30,2.0,,0,0
C05085029747,2024-09-25,1.5,,1,0
C64990251748,2023-07-03,2.0,Women,0,0
C42931872749,2023-05-02,1.0,,0,0
C16185829750,2022-03-12,1.5,Women,0,0
C58768672751,2024-08-28,1.0,Women,1,0
C58095034752,2023-04-06,3.0,Men,0,0
C61662178753,2022-06-09,3.0,Women,0,0
C17255595754,2024-05-06,1.5,,0,0
C37094181755,2024-01-02,1.5,Women,1,0
C41786993756,2024-01-18,1.5,,1,0
C84944027757,2025-01-30,1.0,,1,0
C81509624758,2024-10-27,1.0,Women,0,0
C10300502759,2023-03-09,2.0,Men,1,0
C92355257760,2021-12-04,3.0,Women,0,0
C77723957761,2022-10-21,1.0,,1,0
C10216695762,2023-02-03,1.5,Women,0,0
C60660378763,2025-03-15,1.0,Men,1,0
C62400910764,2024-12-27,3.0,Men,1,0
C07513528765,2022-04-15,1.5,Men,0,0
C76915374766,2024-03-20,2.0,Women,1,0
C96486044767,2023-11-30,1.0,,1,0
C12891427768,2025-03-06,3.0,Women,1,0
C78199106769,2021-11-03,1.5,Women,1,0
C09816695770,2025-03-26,1.0,Women,0,0
C94799434771,2024-05-29,1.0,Women,0,0
C41233123772,2024-05-05,1.0,Women,1,0
C49545109773,2022-04-13,1.5,Women,1,0
C56750399774,2023-06-30,1.0,,0,0
C62689888775,2025-05-25,1.5,,1,0
C95856772776,2023-03-25,1.0,,1,0
C21617489777,2022-05-02,1.5,,1,0
C62359430778,2021-12-14,1.5,Men,0,0
C38301616779,2023-06-25,1.5,Women,0,0
C46112930780,2024-11-14,1.0,,1,0
C27465536781,2021-12-23,1.0,Women,0,0
C56538427782,2022-08-04,2.0,Women,1,0
C93009652783,2025-03-22,2.0,Women,0,0
C34746643784,2025-06-02,1.0,,1,0
C31207856785,2023-12-15,1.0,,1,0
C78124105786,2022-01-16,1.5,Men,0,0
C40508150787,2023-10-22,1.5,,0,0
C20377075788,2022-05-06,2.0,Women,0,0
C24454033789,2025-01-16,3.0,Women,0,0
C03061934790,2024-08-27,1.0,Women,0,0
C47903163791,2021-12-28,1.5,Men,0,0
C90387629792,2023-11-02,1.0,Men,1,0
C02499538793,2022-06-23,1.0,Men,0,0
C25473616794,2025-02-02,1.5,,0,0
C21177909795,2024-05-01,1.0,Women,0,0
C84902710796,2023-03-01,2.0,,0,0
C48429356797,2025-07-07,1.5,,1,0
C12274476798,2024-07-18,1.5,,0,0
C81160421799,2023-08-24,1.0,Women,1,0
C13425708800,2022-04-06,2.0,Women,1,0
C00055912801,2023-09-02,1.5,Women,1,0
C13206248802,2022-08-05,1.0,,0,0
C93879446803,2022-04-17,3.0,Women,0,0
C78443002804,2025-06-06,1.0,,1,0
C46539784805,2025-03-11,1.5,,1,0
C46166101806,2021-11-22,1.0,,1,0
C14812684807,2024-09-01,1.0,Women,0,0
C82484822808,2025-03-07,1.0,Women,1,0
C90270098809,2022-12-16,1.5,Women,0,0
C55793906810,2025-03-18,3.0,Women,0,0
C84417429811,2022-05-12,1.0,,1,0
C99494478812,2021-12-31,1.0,Women,1,0
C79892532813,2024-04-30,1.0,Women,1,0
C26563126814,2025-04-17,1.0,Women,0,0
C62890653815,2024-03-29,2.0,Women,1,0
C21097491816,2024-02-27,1.0,Women,1,0
C10163778817,2024-10-03,1.5,Men,0,0
C60636406818,2023-10-24,3.0,Men,0,0
C55992422819,2024-05-03,1.5,Women,1,0
C45959750820,2022-03-23,1.5,Women,1,0
C80882549821,2022-07-19,2.0,,0,0
C06256153822,2022-10-02,1.5,Men,0,0
C92255631823,2024-09-20,3.0,,1,0
C10749870824,2024-02-03,2.0,Women,0,0
C19882027825,2022-10-16,1.5,,0,0
C89148873826,2022-02-01,2.0,,1,0
C87145293827,2024-03-31,1.0,,0,0
C97076408828,2025-01-06,1.5,Women,0,0
C51326406829,2023-06-04,1.0,Women,0,0
C69534665830,2023-06-26,1.0,Women,0,0
C41221197831,2023-12-31,2.0,Women,0,0
C09969075832,2022-11-04,1.5,Women,1,0
C03956348833,2022-06-19,1.0,Women,0,0
C32961505834,2023-06-20,1.5,,1,0
C12066886835,2022-02-28,1.0,Men,1,0
C79306651836,2022-06-24,1.0,Women,1,0
C15258835837,2025-02-24,1.5,,1,0
C09964495838,2022-10-17,1.5,Women,0,0
C98593366839,2024-08-04,1.5,,0,0
C41434208840,2023-06-12,3.0,,0,0
C00881472841,2025-01-26,3.0,,0,0
C65509304842,2022-07-05,1.5,,1,0
C50887777843,2023-09-25,1.5,,0,0
C35675307844,2021-12-21,1.0,Women,0,0
C35402654845,2022-06-06,1.0,Women,1,0
C68486550846,2025-01-16,1.0,Women,1,0
C98586296847,2023-07-10,1.5,,1,0
C55162496848,2024-08-05,1.5,,0,0
C77768117849,2021-11-26,1.5,,1,0
C49480182850,2022-05-26,1.0,Women,0,0
C84958281851,2024-12-08,1.0,Women,0,0
C64440344852,2022-01-27,1.5,,1,0
C01948335853,2023-06-03,1.0,,0,0
C16441164854,2025-07-21,1.5,Women,0,0
C59320468855,2022-04-26,3.0,Women,0,0
C24525595856,2023-11-07,3.0,Women,1,0
C80487322857,2024-06-16,1.5,Men,1,0
C09554520858,2022-08-09,3.0,,0,0
C34959661859,2023-11-16,3.0,Women,0,0
C48605840860,2024-04-06,1.5,Women,0,0
C21643894861,2024-04-28,1.0,Women,0,0
C26207426862,2023-04-11,1.0,,1,0
C73800475863,2023-05-14,1.0,Women,1,0
C22905129864,2023-08-26,1.5,,0,0
C92463264865,2024-03-17,1.0,,0,0
C59695335866,2023-10-24,1.0,,0,0
C96449511867,2024-04-06,1.0,Women,1,0
C74518203868,2023-11-09,1.5,Women,0,0
C17261601869,2024-09-01,1.5,Women,1,0
C87859652870,2024-04-11,3.0,Men,0,0
C10232613871,2022-10-26,1.5,Women,1,0
C04340449872,2024-06-14,1.0,Men,1,0
C31947507873,2024-05-03,1.0,,1,0
C74384159874,2023-05-23,1.5,,1,0
C94634714875,2024-05-25,2.0,Men,0,0
C23252418876,2023-09-14,1.0,Men,0,0
C45542443877,2022-06-22,1.5,Women,0,0
C68482090878,2022-11-22,1.0,Women,0,0
C47459546879,2024-11-26,2.0,,1,0
C88482389880,2023-07-16,1.5,,1,0
C10334800881,2022-06-14,1.5,,0,0
C72040601882,2022-09-13,3.0,,1,0
C24282434883,2022-09-27,1.5,,1,0
C21874286884,2021-11-19,1.0,Women,1,0
C51979045885,2023-09-10,1.0,,1,0
C01523702886,2022-05-15,2.0,Women,0,0
C73585722887,2022-09-25,1.0,Men,1,0
C26713064888,2022-10-30,1.0,Women,1,0
C60229050889,2023-11-28,1.0,,0,0
C55192390890,2024-08-30,1.0,Women,1,0
C36419202891,2021-12-23,1.0,,0,0
C75680217892,2022-08-22,1.0,Women,0,0
C92776624893,2023-11-27,1.5,,1,0
C66731671894,2023-10-15,1.5,Men,1,0
C51393132895,2023-12-12,2.0,,1,0
C30775072896,2025-07-15,1.5,,0,0
C09286503897,2024-12-05,2.0,Women,1,0
C87532081898,2023-01-27,3.0,,0,0
C34303283899,2024-10-11,3.0,,0,0
C79277081900,2022-06-20,1.0,Women,0,0
C71285421901,2025-04-25,1.0,Women,0,0
C78068911902,2025-06-19,2.0,,1,0
C26946501903,2024-08-22,1.0,Women,0,0
C46907144904,2023-08-20,1.5,Women,1,0
C64925579905,2024-08-18,1.0,Men,1,0
C13850982906,2023-08-28,1.5,,0,0
C34594768907,2023-08-26,3.0,,0,0
C36945866908,2021-11-19,1.0,,0,0
C68264217909,2025-05-10,2.0,Women,1,0
C71095234910,2024-09-26,3.0,,0,0
C42063613911,2022-11-26,1.0,Women,1,0
C19310519912,2023-11-02,3.0,Women,0,0
C06796258913,2024-06-21,2.0,Women,0,0
C48542009914,2023-08-01,3.0,Women,0,0
C62080956915,2023-12-05,1.0,,0,0
C37521099916,2021-11-23,1.5,,0,0
C89554765917,2022-02-18,1.0,Women,0,0
C43084000918,2024-01-30,1.0,Women,1,0
C01512084919,2023-09-23,1.0,,1,0
C67031959920,2024-10-09,1.0,,0,0
C08770757921,2024-09-17,3.0,,1,0
C41980827922,2023-01-09,1.5,Men,1,0
C38208093923,2024-02-04,2.0,,0,0
C72211689924,2025-02-21,3.0,Women,1,0
C09079325925,2025-01-03,1.5,Women,0,0
C27770560926,2024-01-29,1.5,,0,0
C13260641927,2024-01-16,1.5,Women,0,0
C99030578928,2022-12-18,1.0,,1,0
C36733563929,2024-11-17,1.0,,0,0
C02680981930,2025-06-23,1.5,,1,0
C82528810931,2025-07-23,2.0,Women,0,0
C08765927932,2022-10-09,1.5,,0,0
C90185727933,2023-05-24,1.5,Women,0,0
C08841097934,2025-07-12,1.0,,0,0
C97090946935,2024-05-03,1.5,,0,0
C07718470936,2024-11-27,1.0,,0,0
C69569217937,2022-04-22,3.0,,1,0
C63809889938,2022-03-20,1.5,Women,1,0
C39661866939,2022-11-23,1.0,Women,0,0
C68597379940,2025-07-25,1.5,,1,0
C93108237941,2024-05-10,1.0,Women,0,0
C12240785942,2022-10-12,1.5,,0,0
C51724976943,2022-06-04,1.5,,1,0
C94360379944,2022-03-27,1.5,Women,1,0
C12494064945,2022-06-10,1.5,,0,0
C54009933946,2025-03-31,1.0,Women,1,0
C25428345947,2022-05-24,2.0,,0,0
C11846051948,2025-07-27,3.0,,0,0
C92411505949,2024-05-20,2.0,,0,0
C64768763950,2022-07-11,2.0,,1,0
C49018249951,2025-06-14,1.5,Women,0,0
C02725727952,2021-12-21,1.5,Women,0,0
C95961879953,2024-11-01,1.5,,0,0
C90388130954,2023-09-11,1.0,Women,1,0
C67064395955,2021-12-05,2.0,,1,0
C39473170956,2024-02-20,3.0,,1,0
C84066173957,2025-02-26,3.0,,0,0
C99028126958,2024-04-18,1.5,Men,1,0
C29253610959,2024-02-02,2.0,,1,8
C55378602960,2024-05-13,2.0,Women,1,0
C51738694961,2024-01-05,1.5,,0,0
C73078082962,2022-10-30,1.0,Women,0,0
C64203193963,2023-11-15,1.5,Men,0,0
C63502737964,2023-07-22,2.0,,0,0
C90705850965,2023-08-24,1.5,Women,0,0
C43026183966,2025-04-23,2.0,Women,1,0
C83776677967,2025-05-25,2.0,,1,0
C60458419968,2023-01-13,1.0,Women,0,0
C80483930969,2024-03-05,1.0,,1,0
C59925344970,2024-01-27,3.0,Women,0,0
C85065658971,2023-02-11,2.0,,1,0
C29976080972,2023-08-07,1.0,,1,0
C08697865973,2022-03-21,2.0,Women,1,0
C45875526974,2023-07-11,3.0,Women,1,0
C69003662975,2023-05-24,3.0,Women,0,0
C42193528976,2022-07-25,1.0,,1,0
C90744805977,2022-12-28,1.5,Women,0,0
C02034740978,2022-09-22,2.0,Women,0,0
C68171178979,2023-06-23,3.0,Women,1,0
C92958949980,2022-09-24,1.0,,1,0
C01562462981,2022-04-18,1.5,Women,1,0
C20412972982,2022-04-15,1.0,Women,0,0
C07210746983,2021-12-02,1.5,,1,0
C25105534984,2025-02-04,3.0,Women,0,0
C40226724985,2024-02-03,1.5,,1,0
C07483195986,2024-02-03,1.0,,0,0
C48576398987,2022-03-15,1.0,Women,0,0
C61390480988,2021-11-06,1.0,Men,1,0
C71237933989,2023-08-30,1.5,,1,0
C34090972990,2022-07-06,1.0,Women,1,0
C41511010991,2025-03-16,3.0,Women,0,0
C50701682992,2023-08-21,1.0,Women,0,0
C85285658993,2023-07-01,2.0,Women,0,0
C64307082994,2022-10-05,2.0,,1,0
C28606954995,2024-04-03,1.0,,0,0
C36417609996,2023-09-17,2.0,Women,1,0
C49911495997,2022-08-28,2.0,Women,0,0
C11093267998,2024-10-19,1.0,Women,1,0
C16647049999,2023-07-18,1.0,Women,1,0
C760153791000,2024-02-07,1.5,Women,1,0
C647610191001,2023-10-01,1.0,,0,0
C020304201002,2022-03-02,1.0,,0,0
C485511041003,2025-03-07,1.0,,0,0
C367349391004,2023-12-08,1.0,Women,1,0
C527932231005,2022-01-20,1.5,Women,0,0
C916882481006,2025-07-06,1.5,,0,0
C109601091007,2022-12-23,1.0,Women,1,0
C882122491008,2023-09-10,1.0,Women,1,0
C395821431009,2022-07-03,1.0,,1,0
C100857851010,2025-05-24,1.0,Women,1,0
C870576341011,2024-07-26,3.0,,1,0
C792729991012,2021-11-29,3.0,,1,0
C795428311013,2021-11-15,1.5,Women,1,0
C608996461014,2022-07-23,1.5,Women,1,0
C542422131015,2023-03-27,1.0,,1,0
C093776411016,2024-08-19,1.0,Women,1,0
C329945311017,2022-12-30,1.0,Women,0,0
C253563441018,2025-04-25,1.0,Women,1,0
C006109781019,2023-05-20,1.5,,0,0
C536392921020,2024-06-22,1.0,Women,0,0
C821089501021,2022-03-25,1.5,Women,0,0
C028407011022,2024-03-31,1.5,,1,0
C293285411023,2021-12-07,1.0,,0,0
C884368161024,2025-04-16,1.5,,1,0
C905704121025,2022-07-10,2.0,Men,1,0
C648245901026,2024-11-12,1.0,,0,0
C221483351027,2024-05-10,1.0,Men,0,0
C680576701028,2024-03-17,1.0,Women,1,0
C587416061029,2022-01-06,1.0,Women,0,0
C580728471030,2024-02-23,2.0,,0,0
C160181691031,2022-08-17,1.0,Men,0,0
C493491801032,2022-05-01,3.0,Women,1,0
C543251671033,2024-02-20,1.0,Women,1,0
C731836431034,2022-05-01,1.0,,0,0
C922164061035,2022-08-28,1.0,,1,0
C629701381036,2024-09-21,1.5,Women,0,0
C586271291037,2022-04-29,1.5,,0,0
C097885531038,2024-02-20,1.5,Women,0,0
C105647801039,2023-08-26,1.0,,1,0
C452718911040,2024-08-16,1.0,Women,1,0
C102590571041,2025-05-08,1.5,Women,0,0
C622988801042,2023-03-28,2.0,,0,0
C220102481043,2025-02-19,1.5,,1,0
C215508971044,2022-09-01,3.0,,1,0
C194056981045,2022-07-04,1.0,Women,1,0
C580375311046,2024-06-26,1.5,Women,0,0
C362199991047,2023-07-19,1.0,,1,0
C256101011048,2023-09-05,1.0,Men,0,0
C551206541049,2023-02-26,2.0,,1,0
C700041321050,2025-03-13,3.0,Women,1,0
C338679521051,2021-12-30,1.0,,1,0
C699438341052,2023-05-13,1.5,,0,0
C101194661053,2023-09-07,1.0,Women,1,0
C571191221054,2023-01-02,1.5,,1,0
C513067521055,2022-09-28,1.5,,0,0
C074607671056,2022-04-18,1.0,Women,1,0
C578711561057,2023-07-28,1.0,Women,0,0
C567628691058,2022-05-16,2.0,Women,0,0
C314209891059,2022-11-15,1.5,,1,0
C921860981060,2022-06-08,3.0,Women,0,0
C699289761061,2024-07-22,1.5,Men,1,0
C793867181062,2025-06-14,3.0,Men,0,0
C279833101063,2024-02-06,3.0,Men,0,0
C590773851064,2025-07-02,1.5,,1,0
C879670071065,2025-02-24,1.5,,0,0
C463279451066,2024-09-07,2.0,,1,0
C366916341067,2022-09-05,2.0,,1,0
C953323891068,2024-12-11,1.5,,1,0
C471397131069,2024-12-29,1.0,,1,0
C401962391070,2023-08-30,1.5,Women,1,0
C054980341071,2024-08-05,1.5,Women,1,0
C937657611072,2025-05-27,1.5,,0,0
C669789231073,2023-06-19,1.5,,1,0
C216023711074,2024-09-22,1.0,Women,1,0
C725140971075,2025-03-07,1.0,,0,0
C377654391076,2024-11-24,2.0,Women,1,0
C175572231077,2024-04-18,1.5,,0,0
C115024931078,2025-05-28,1.0,,1,0
C768614111079,2023-12-19,2.0,,1,0
C277282891080,2023-04-16,1.5,Women,1,0
C007172411081,2022-09-12,1.5,Women,1,0
C062601621082,2024-09-19,1.0,,0,0
C596329101083,2025-01-27,1.0,,1,0
C421596281084,2023-02-19,3.0,,1,68
C377161361085,2023-06-12,3.0,,1,0
C317893741086,2022-11-13,1.5,Women,1,0
C665287201087,2023-12-24,1.5,,0,0
C396751801088,2023-05-13,3.0,,1,0
C519457171089,2022-01-10,1.0,,0,0
C737920971090,2023-12-30,2.0,Women,0,0
C664221451091,2025-05-11,1.5,,0,0
C248062881092,2022-07-16,1.5,,0,0
C126315621093,2024-04-17,1.0,,1,0
C201181331094,2024-12-06,1.5,,0,0
C384973761095,2024-06-03,2.0,Women,1,0
C871225841096,2023-03-10,1.5,,1,0
C791384231097,2023-11-09,1.5,Men,1,0
C114613311098,2022-05-27,2.0,Women,1,0
C523093351099,2024-02-22,3.0,Women,1,0
C242810511100,2023-11-09,1.5,Women,0,0
C497042611101,2022-12-28,3.0,,1,0
C368479891102,2023-04-22,1.0,,0,0
C493687061103,2024-06-15,2.0,Men,0,0
C443822261104,2025-06-08,2.0,,0,0
C086621111105,2025-04-26,1.0,,0,0
C469783101106,2024-06-22,1.5,,0,0
C098121951107,2023-04-08,1.5,,0,0
C606750211108,2023-11-18,1.0,,1,0
C643736301109,2025-05-04,1.0,Men,1,0
C223149401110,2025-01-08,1.0,Women,1,0
C951433431111,2024-10-06,1.5,,1,0
C869029781112,2024-03-20,1.0,,1,0
C905560471113,2023-06-26,1.0,,0,0
C093238011114,2024-04-28,1.0,Men,0,0
C428002211115,2022-11-29,1.0,,0,0
C889431131116,2024-03-20,1.5,,0,0
C538560551117,2025-02-19,1.0,Women,0,0
C750579831118,2025-04-10,1.0,Women,1,0
C918614251119,2023-11-28,1.0,,0,0
C228573641120,2025-03-12,2.0,Women,1,0
C893534571121,2024-08-27,2.0,,0,0
C674329091122,2023-05-28,1.0,,1,0
C095952651123,2024-08-31,1.5,Women,0,0
C960981441124,2023-09-20,1.0,Women,1,0
C510685501125,2022-05-23,1.5,Women,1,0
C574501311126,2022-11-06,2.0,,0,0
C542325341127,2025-05-31,1.0,Women,0,0
C966756331128,2024-11-24,3.0,,1,0
C598631341129,2024-01-21,1.0,,0,0
C051519131130,2023-09-30,1.0,,0,0
C804217691131,2022-11-01,3.0,,1,0
C680235621132,2022-10-25,1.0,,0,0
C632636901133,2021-12-18,2.0,,1,0
C437362371134,2023-08-05,3.0,,1,0
C010252661135,2025-01-14,1.0,Women,0,0
C915759831136,2024-03-19,1.5,Women,1,0
C126476291137,2022-03-13,1.5,Women,1,0
C466810711138,2025-04-18,1.0,Women,0,0
C098104041139,2025-01-08,1.0,,0,0
C740784381140,2024-07-08,1.0,,0,0
C002992181141,2024-08-23,1.5,Men,1,0
C534915551142,2022-06-26,1.5,Women,1,0
C795028601143,2025-06-11,2.0,,1,0
C074897921144,2022-05-09,3.0,,0,0
C253655991145,2022-09-21,1.5,Women,0,48
C875938031146,2023-07-10,1.5,,1,0
C624455401147,2025-06-10,1.0,,0,0
C753854621148,2024-06-13,1.0,Women,1,0
C111960861149,2022-11-20,2.0,Women,1,0
C422507981150,2022-07-12,1.0,Women,0,0
C811601681151,2022-04-28,2.0,,0,0
C465915211152,2023-03-20,2.0,Men,0,0
C306016161153,2024-08-19,2.0,,1,0
C965619041154,2023-01-31,3.0,,0,0
C990654571155,2024-07-13,1.5,Men,0,0
C975713821156,2022-04-21,3.0,,0,0
C411123931157,2025-01-22,3.0,Women,1,0
C069816021158,2024-10-27,1.0,,0,0
C190923371159,2025-04-18,1.5,Women,1,0
C842818661160,2025-01-13,1.0,,0,0
C519917311161,2023-10-02,1.5,,0,0
C213726361162,2024-08-11,2.0,Women,1,0
C487263131163,2023-03-01,3.0,,0,0
C445196101164,2024-05-05,2.0,,1,0
C284165941165,2025-04-13,1.0,,1,0
C935751211166,2023-12-03,1.0,,1,0
C913197981167,2025-03-27,3.0,Women,0,0
C234211361168,2022-12-15,1.5,,1,0
C811088981169,2023-04-30,1.5,Women,1,0
C718347071170,2024-11-21,3.0,Men,0,0
C908602821171,2025-06-08,1.5,,1,0
C616700061172,2025-01-18,1.0,,0,0
C124229521173,2025-04-02,2.0,,0,0
C531644231174,2025-03-27,2.0,,1,0
C316336671175,2022-07-18,1.0,Women,1,0
C822453151176,2022-05-25,1.0,,1,0
C767341611177,2022-08-05,2.0,Women,0,0
C964380741178,2025-03-01,1.0,Women,1,0
C777238951179,2025-04-06,2.0,Women,0,0
C951668761180,2022-07-06,3.0,Men,0,0
C159532901181,2023-05-22,1.0,,0,0
C379371311182,2022-12-10,1.0,,0,0
C303103671183,2023-05-17,1.0,Women,0,0
C621900481184,2025-05-09,2.0,Women,1,0
C209483801185,2024-03-11,1.0,Women,1,0
C169117531186,2025-03-30,1.5,Women,0,0
C453643601187,2023-06-01,3.0,Women,0,0
C579191811188,2022-08-20,1.0,,1,0
C408130321189,2025-02-28,1.0,,1,0
C494067351190,2024-10-05,1.5,,1,0
C088642181191,2025-03-29,1.5,Men,1,0
C486292801192,2023-10-18,3.0,,1,0
C448082621193,2022-05-24,1.0,,1,0
C093137891194,2023-09-24,1.0,,1,0
C689431681195,2024-02-19,1.5,,1,0
C035381301196,2025-03-31,1.0,Women,1,0
C472585411197,2022-11-19,1.5,,1,0
C730805361198,2021-11-15,1.5,,0,0
C668292221199,2023-01-31,1.5,Women,1,0
C041418061200,2023-02-28,1.0,,0,0
C540155371201,2022-08-09,1.0,,1,0
C274476691202,2022-06-18,1.0,Women,0,0
C738972141203,2023-10-12,1.0,,1,0
C687560011204,2024-02-18,1.5,Women,1,0
C353236361205,2022-07-31,3.0,Women,1,0
C766306521206,2021-11-25,1.0,,0,0
C086798661207,2021-11-08,1.0,Women,0,0
C809311181208,2023-04-08,1.0,,0,0
C538730941209,2022-01-23,2.0,,0,0
C701025861210,2025-05-19,1.0,,0,0
C677289661211,2024-07-29,1.0,Men,0,0
C080968631212,2024-12-30,1.5,,1,0
C875871051213,2021-11-08,1.5,,0,0
C167265051214,2023-12-20,1.5,Women,1,0
C994077211215,2024-01-14,1.0,,1,0
C575977781216,2024-07-02,1.0,Women,0,0
C157008641217,2021-12-05,1.0,Women,1,0
C078841861218,2024-06-26,1.0,Women,0,0
C133065771219,2025-01-25,1.0,Women,0,0
C853130191220,2025-07-04,1.5,,1,0
C723505471221,2024-06-04,3.0,,1,0
C008438041222,2024-08-08,1.0,,0,0
C326519071223,2023-10-29,3.0,Women,1,0
C544945401224,2024-11-09,1.5,,0,0
C093336631225,2022-07-27,1.0,,1,0
C582564961226,2022-05-17,1.5,Men,1,0
C805818251227,2024-10-09,1.0,Women,0,0
C964874651228,2023-01-03,3.0,,0,0
C432232321229,2022-01-05,1.0,,1,0
C995162331230,2025-07-18,1.0,Women,0,0
C779009971231,2022-11-09,1.5,,0,0
C612671781232,2024-02-17,1.0,,0,0
C817000521233,2023-10-21,1.5,,0,0
C305208031234,2023-07-29,1.5,Women,1,0
C129136431235,2025-01-07,3.0,Women,1,0
C297250391236,2025-04-03,1.0,,1,0
C000575001237,2023-08-23,2.0,Men,1,0
C075200311238,2025-02-25,1.0,,0,0
C794142631239,2023-08-08,1.0,Women,1,0
C060351641240,2024-11-09,1.0,Men,1,0
C252052411241,2022-10-21,3.0,Women,1,0
C247311801242,2022-11-28,3.0,,0,0
C754901761243,2023-06-24,2.0,Women,1,0
C415622051244,2024-01-24,1.0,Women,0,0
C936800941245,2024-10-06,1.5,,0,0
C328444891246,2023-11-04,1.0,Women,0,0
C266923661247,2024-01-08,2.0,,0,0
C868612611248,2022-09-03,1.5,,1,0
C099347281249,2024-09-27,1.5,Women,1,0
C859215471250,2025-06-20,1.0,,1,0
C911481711251,2021-12-25,1.5,,0,0
C731822871252,2024-05-08,1.0,Women,1,0
C680574741253,2024-11-27,1.0,,1,0
C213303641254,2023-03-27,1.0,,1,0
C889755281255,2022-03-24,1.0,,1,0
C363420861256,2023-09-13,2.0,,0,0
C195215921257,2025-03-10,2.0,,1,0
C023021471258,2022-01-06,1.5,,0,0
C842962731259,2023-06-30,1.5,Women,0,0
C133652531260,2024-09-14,1.0,,1,0
C826025281261,2024-09-14,1.0,,0,0
C868000281262,2024-07-29,1.0,,1,0
C541805471263,2023-11-28,2.0,Women,0,0
C554738541264,2022-01-17,1.0,,0,0
C065589901265,2024-04-09,1.0,,1,0
C836745731266,2023-08-02,3.0,,0,0
C462450111267,2022-02-18,3.0,Men,0,0
C380553981268,2022-12-04,1.5,,1,0
C788816091269,2023-05-06,3.0,Women,0,0
C607881961270,2025-05-23,1.0,Women,0,0
C969493151271,2024-12-03,1.0,,1,0
C789825451272,2024-04-12,1.0,,0,0
C454864221273,2023-09-01,1.5,,1,0
C653273871274,2024-07-02,1.0,,1,0
C464308781275,2023-06-16,1.0,,1,0
C445797281276,2023-10-29,3.0,Women,0,0
C846480211277,2024-05-22,1.5,,1,0
C616351381278,2024-07-07,1.5,Women,0,0
C366348931279,2023-06-09,1.0,Women,0,0
C566774921280,2022-09-23,1.0,Women,0,0
C705657281281,2024-03-28,1.0,,0,0
C787875371282,2023-07-20,2.0,,1,0
C368965781283,2022-11-17,2.0,,0,0
C224565961284,2022-04-22,1.5,Women,1,0
C842863021285,2024-06-04,1.5,,0,0
C005607201286,2025-07-24,3.0,Women,1,0
C320746351287,2024-08-19,2.0,Women,0,0
C288794471288,2024-07-01,3.0,Women,1,0
C560127481289,2023-02-13,1.0,Women,0,0
C738639781290,2022-01-26,1.0,,0,0
C688030301291,2024-04-05,2.0,Women,0,63
C259384731292,2024-01-16,2.0,,0,0
C538085321293,2024-04-01,2.0,,1,0
C591854011294,2024-06-16,1.0,,1,0
C243663791295,2023-06-27,1.0,,0,0
C286018731296,2023-01-07,3.0,,0,0
C604251851297,2023-04-03,1.5,,0,0
C883819711298,2023-12-17,1.5,,0,0
C321672291299,2024-05-13,1.5,Women,0,0
C280523401300,2025-02-22,1.0,Women,1,0
C998123371301,2023-03-24,1.0,Women,1,0
C816938421302,2022-09-26,1.5,,0,0
C990083921303,2022-11-22,1.5,,0,0
C679737751304,2022-11-13,1.0,,0,0
C127641031305,2023-08-12,1.5,,0,0
C313430471306,2024-03-22,1.5,Women,0,0
C089004041307,2023-09-30,2.0,,1,0
C457533831308,2024-09-10,2.0,,1,0
C290807831309,2025-07-12,3.0,,1,0
C517627091310,2024-07-27,1.0,,1,0
C522533541311,2022-04-28,1.5,Women,0,0
C340078121312,2024-11-16,1.0,Women,0,0
C665921761313,2025-07-10,1.0,Women,1,0
C752470431314,2021-12-02,1.0,Men,1,0
C403604971315,2023-08-27,1.5,Women,1,0
C886312481316,2023-02-07,1.5,Women,1,0
C246490141317,2023-02-12,1.5,Women,1,0
C284381951318,2023-10-22,1.5,Women,0,0
C764059861319,2022-10-31,1.5,Women,1,0
C941475431320,2023-10-04,3.0,Women,0,0
C667127511321,2024-12-28,1.5,Men,0,0
C006713941322,2021-12-25,2.0,Women,1,0
C513393881323,2025-05-22,1.0,,1,0
C577502781324,2024-02-28,1.5,Women,1,0
C076168541325,2024-10-10,1.0,,0,0
C361533661326,2024-06-17,3.0,Women,0,0
C655051531327,2023-04-11,3.0,Women,1,0
C358551161328,2024-12-01,1.0,Women,1,0
C721758551329,2022-04-05,3.0,Women,0,0
C832121931330,2022-06-01,1.0,,0,0
C774033071331,2022-05-31,1.5,,0,0
C553664231332,2024-10-10,1.5,Women,0,0
C880961311333,2023-03-09,1.0,Women,1,0
C646431191334,2023-01-09,2.0,,1,0
C247339051335,2024-11-25,3.0,,0,0
C158356711336,2023-12-04,2.0,Women,1,0
C148413391337,2025-02-26,3.0,Men,0,0
C773492151338,2022-01-31,2.0,Women,1,0
C647811961339,2023-02-11,1.0,,0,0
C802705131340,2025-02-11,1.0,,0,0
C037848661341,2025-02-02,1.5,,0,0
C261349281342,2024-05-30,1.5,Women,1,0
C222075591343,2023-04-04,1.0,Women,0,0
C457418721344,2024-02-03,2.0,,1,0
C014192211345,2022-09-20,1.0,,1,0
C531898131346,2025-02-22,2.0,Women,0,0
C843659061347,2024-02-18,1.5,Women,0,0
C789243811348,2023-09-15,1.0,Women,1,0
C756800051349,2022-02-14,1.0,Women,0,0
C204849971350,2022-08-17,1.0,Women,1,0
C720534871351,2022-02-09,2.0,,1,0
C855731731352,2021-11-17,1.5,,0,0
C140711411353,2024-01-11,3.0,,0,0
C011690961354,2022-04-04,1.5,Men,0,0
C438583591355,2022-04-19,1.5,Women,0,0
C026078901356,2024-10-24,1.0,Women,0,0
C559121411357,2024-02-01,1.0,,1,0
C672445561358,2023-02-17,1.0,,1,0
C929676141359,2024-04-13,3.0,,0,0
C388184151360,2022-06-12,1.0,Women,0,0
C271299071361,2024-04-17,1.0,Men,0,0
C161158151362,2022-09-15,1.0,,0,0
C600115251363,2022-03-16,3.0,,1,12
C360960701364,2025-04-16,1.0,Women,0,0
C733764231365,2023-10-28,1.0,Women,0,0
C914612931366,2022-07-14,2.0,,1,0
C608456631367,2024-08-10,1.5,,1,0
C596012031368,2025-07-20,2.0,,0,0
C573200661369,2024-10-02,2.0,,1,0
C986668011370,2023-01-15,2.0,Men,0,0
C887313411371,2022-07-15,1.5,,1,0
C269609581372,2023-06-19,3.0,Women,0,0
C151219891373,2023-10-09,1.0,Women,0,0
C730203861374,2021-11-07,1.0,,1,0
C784021261375,2022-03-08,1.0,Women,1,0
C186060011376,2025-03-29,2.0,,1,0
C014152591377,2022-09-11,1.0,Women,0,0
C437748111378,2022-02-23,2.0,Women,0,0
C231127381379,2025-07-25,3.0,,0,0
C617660711380,2022-11-20,1.0,,0,0
C455796801381,2022-09-22,1.5,,0,0
C184029601382,2023-03-21,1.0,,1,0
C751132521383,2024-05-20,1.0,,0,0
C050636271384,2025-02-05,3.0,Women,0,0
C199942881385,2024-01-01,1.0,Women,0,0
C810453051386,2025-05-09,1.0,,0,0
C755379211387,2024-11-13,1.0,Women,0,0
C824951641388,2024-06-26,1.0,,1,0
C424361861389,2023-07-15,2.0,,0,0
C779109581390,2024-08-25,1.0,,1,0
C676324241391,2021-12-28,1.5,,1,0
C025821331392,2022-04-11,1.5,Men,1,0
C924044611393,2024-06-24,1.5,Women,0,0
C473461911394,2023-10-09,2.0,Women,0,0
C804930661395,2023-03-01,1.5,,0,0
C486869571396,2025-06-11,2.0,Women,1,0
C940704281397,2025-04-12,1.0,Women,0,13
C680080191398,2023-03-18,2.0,Women,1,0
C487467191399,2024-07-02,1.0,,1,0
C673704521400,2022-10-14,1.5,Women,0,0
C296207251401,2023-09-14,1.0,Men,0,0
C548817561402,2024-11-27,1.5,Women,0,0
C983510521403,2024-07-30,3.0,Women,1,0
C773241511404,2022-05-01,2.0,Women,0,0
C051160571405,2024-06-19,2.0,,1,0
C082382651406,2023-04-03,2.0,,0,0
C892581221407,2023-02-25,3.0,Women,0,0
C558428261408,2021-12-06,1.0,,0,0
C954899471409,2024-01-20,1.5,,1,0
C218144871410,2024-02-07,1.5,,0,0
C401285491411,2022-10-02,1.0,,1,0
C842917781412,2024-06-06,3.0,,0,0
C430373421413,2023-10-02,2.0,Women,0,0
C102020611414,2025-01-11,1.0,Women,0,0
C516986721415,2024-01-05,1.0,,0,0
C794712651416,2025-02-12,1.5,,1,0
C198784711417,2022-07-05,1.5,Women,1,0
C846858571418,2022-01-16,1.0,,0,0
C200256251419,2024-11-24,1.5,,1,0
C080266471420,2025-04-11,1.0,Women,1,0
C223941971421,2024-08-12,1.0,,0,0
C094878251422,2022-09-02,1.5,,1,0
C650732871423,2023-10-16,1.5,Women,1,0
C616041891424,2025-04-04,3.0,Women,0,0
C719848001425,2025-03-17,2.0,Women,0,0
C731842931426,2024-01-27,1.0,,0,0
C810100571427,2024-12-05,2.0,,1,0
C161617201428,2021-12-01,1.0,Men,1,0
C145069101429,2025-04-07,1.5,Women,1,0
C018371981430,2023-08-02,2.0,Women,1,0
C645750401431,2025-05-07,3.0,Women,1,0
C984025551432,2024-04-03,2.0,,1,0
C556894551433,2021-11-05,2.0,,0,0
C840092441434,2022-04-20,1.0,Women,0,0
C119451351435,2022-12-12,2.0,Men,1,0
C381424441436,2022-03-22,1.5,Men,1,0
C242146891437,2023-07-22,1.5,,1,0
C407361431438,2025-01-31,3.0,,1,0
C941681711439,2024-01-13,3.0,,0,0
C250366461440,2023-03-10,1.0,Women,0,0
C562396881441,2022-09-10,2.0,Women,0,0
C468837721442,2022-02-08,1.0,Women,0,0
C998386961443,2022-11-19,1.0,,0,0
C416091001444,2024-03-29,1.0,Women,0,0
C033523231445,2022-05-13,1.5,,1,0
C473593961446,2023-09-28,3.0,,1,0
C661435051447,2022-09-20,1.0,,0,0
C269815821448,2025-03-09,1.0,,1,0
C656337711449,2022-07-21,1.5,,1,0
C431537071450,2024-03-18,1.0,,1,0
C170583041451,2021-12-27,1.0,,1,0
C702791131452,2024-10-27,2.0,,0,0
C940872731453,2023-12-24,3.0,Women,1,0
C905639851454,2023-08-15,1.5,Women,0,0
C107548121455,2025-01-19,2.0,Women,0,0
C238037111456,2024-12-16,3.0,,0,0
C224073091457,2022-05-18,1.0,,0,0
C981136971458,2022-07-07,1.5,Women,0,0
C575636821459,2022-07-02,1.5,Women,1,0
C751722491460,2024-12-04,2.0,Women,1,0
C509499771461,2024-08-22,3.0,,0,0
C119474691462,2022-01-22,1.0,,0,0
C641144201463,2023-01-05,3.0,Women,1,0
C976537671464,2024-01-25,1.0,Men,1,0
C377103521465,2025-04-18,1.0,Women,1,0
C188805081466,2022-09-06,2.0,,1,0
C614823611467,2025-03-08,1.0,Women,0,0
C782455251468,2024-04-26,1.0,,0,0
C805217281469,2024-09-16,1.5,,1,0
C424051051470,2024-02-21,1.0,,1,0
C505162171471,2024-12-04,1.0,,0,0
C066840841472,2025-07-01,1.0,,1,0
C868382131473,2025-04-03,1.0,,0,0
C641712081474,2024-05-14,1.5,,0,0
C694252531475,2022-06-28,2.0,Women,1,0
C068366681476,2024-12-08,1.0,,0,0
C056675571477,2022-08-24,1.0,,0,0
C802255291478,2023-04-04,1.5,,1,0
C918417491479,2022-11-19,1.5,,0,0
C036927401480,2022-03-07,3.0,Men,1,0
C465005291481,2023-04-06,2.0,Men,0,0
C741174271482,2024-11-17,1.5,,0,0
C537392231483,2022-12-28,1.0,,1,0
C463850311484,2025-02-11,1.5,Women,0,0
C417409961485,2025-05-13,1.5,,1,0
C407603421486,2022-10-07,1.0,,1,0
C745790431487,2024-02-09,3.0,,0,0
C935489521488,2025-02-06,1.0,Women,1,0
C321347901489,2025-06-29,1.5,,0,0
C511129431490,2025-06-08,1.0,,1,0
C869857641491,2023-10-03,1.0,,0,0
C016375391492,2024-09-30,2.0,,0,0
C481215971493,2024-01-31,3.0,,1,0
C346741831494,2024-05-28,1.5,Men,1,0
C239279221495,2024-03-23,3.0,Women,0,0
C480344961496,2023-09-19,3.0,,0,0
C477593401497,2024-11-07,3.0,,0,0
C829811471498,2022-06-22,1.0,Women,1,0
C611397611499,2025-05-07,1.0,Women,0,0
C177552861500,2022-08-16,1.5,Women,1,0
C114667191501,2023-02-20,3.0,Women,1,0
C328972881502,2024-09-01,1.0,,1,0
C948462501503,2022-03-25,1.0,,0,0
C151866871504,2025-07-07,1.0,,1,0
C722799071505,2022-02-23,1.0,,0,0
C866005431506,2024-08-28,1.0,,1,0
C802668221507,2023-01-04,1.0,,1,0
C182590541508,2023-12-22,2.0,Men,0,0
C827794291509,2021-12-29,3.0,Women,0,0
C757905391510,2022-03-01,1.5,,0,0
C275581121511,2025-07-17,1.5,,1,0
C915686221512,2023-09-09,1.5,,1,0
C726822321513,2024-07-08,1.0,,0,0
C184649521514,2022-04-03,2.0,,0,0
C285218941515,2022-01-10,1.0,Men,0,0
C907707401516,2025-03-06,1.5,,1,0
C001183081517,2022-03-28,1.0,Women,1,0
C272479441518,2022-03-13,1.0,,1,0
C633367011519,2023-11-23,1.0,Women,0,0
C846586311520,2022-03-31,3.0,,0,0
C358507371521,2023-05-07,3.0,Women,0,0
C350112361522,2022-08-30,1.0,,0,0
C873370821523,2023-06-27,1.0,Women,1,0
C216737291524,2024-09-07,1.0,Women,1,0
C213748971525,2023-06-19,1.5,,0,0
C843532341526,2025-02-22,1.5,,1,0
C148980971527,2024-10-22,1.5,,0,0
C521723841528,2023-01-25,2.0,,0,0
C779173291529,2023-07-29,1.0,,0,0
C467128431530,2024-03-22,3.0,,1,23
C543346771531,2021-12-19,1.0,,1,0
C156278681532,2024-12-01,1.5,Men,0,0
C027510541533,2021-12-03,1.5,Women,1,80
C932013881534,2022-06-14,1.0,Men,0,0
C790810221535,2022-06-08,1.5,Women,1,0
C120761321536,2025-04-08,1.0,,0,0
C350467441537,2025-02-16,1.0,Women,1,0
C722757601538,2024-12-08,3.0,,0,0
C613857321539,2025-07-16,1.0,Women,1,0
C547180391540,2025-07-25,1.5,,0,0
C893259941541,2024-09-26,2.0,Women,0,0
C376872841542,2023-11-26,1.0,,0,0
C349488511543,2025-07-02,1.0,Women,0,0
C625875361544,2023-03-23,3.0,,0,0
C106500561545,2022-11-19,1.0,,0,0
C161570921546,2024-07-23,1.5,,0,0
C171851411547,2023-11-16,1.0,Women,1,0
C306184381548,2024-02-25,1.0,Women,0,0
C803063691549,2025-04-16,1.0,Women,1,0
C640736441550,2024-08-12,1.0,Men,0,0
C825180391551,2024-08-06,1.0,Women,1,0
C854849331552,2025-05-15,1.0,Women,0,0
C867269261553,2021-12-25,1.0,,0,0
C994802341554,2022-07-05,1.0,,1,0
C596456661555,2022-05-17,3.0,Women,1,0
C617255741556,2023-03-22,1.0,Women,1,0
C151133371557,2023-11-22,1.5,,0,0
C628195841558,2025-02-25,1.0,Women,0,0
C531247791559,2023-11-04,2.0,,0,0
C215624201560,2024-08-20,1.5,,0,0
C233015811561,2024-12-25,3.0,,0,0
C894284811562,2024-05-08,1.5,,0,0
C363440871563,2022-12-22,1.5,Men,1,0
C743235781564,2025-04-21,1.5,Women,0,0
C686972361565,2021-12-28,1.5,Women,1,0
C791064841566,2022-02-13,1.0,Women,0,0
C262649201567,2025-06-23,3.0,,1,0
C464900501568,2022-12-06,1.0,Women,0,0
C609888291569,2025-07-05,1.5,Women,0,0
C029611041570,2024-02-27,3.0,,0,0
C133008141571,2021-11-02,1.0,,1,0
C733797951572,2023-02-07,3.0,,1,0
C309623221573,2025-07-02,1.0,,0,0
C613746161574,2021-12-27,1.5,Women,1,0
C630703831575,2022-04-10,2.0,,0,0
C911510231576,2022-01-13,3.0,,1,0
C057114591577,2023-08-21,1.0,,0,0
C299179361578,2023-07-06,1.0,Women,0,0
C778001621579,2024-01-28,1.0,,0,0
C172741801580,2022-03-14,1.5,Women,1,0
C134284771581,2022-10-20,2.0,,1,0
C630549191582,2024-02-15,2.0,,1,0
C455996071583,2023-03-09,1.0,Women,1,0
C950995291584,2024-09-11,1.0,Women,0,0
C846320921585,2024-04-17,3.0,,0,0
C645539571586,2021-12-14,1.0,,0,0
C864374571587,2022-02-01,3.0,Women,1,0
C468133651588,2024-08-13,1.5,Women,0,0
C081070161589,2025-03-09,2.0,,1,0
C043699741590,2024-02-24,1.0,,0,0
C138655901591,2023-01-30,1.0,,0,0
C932883421592,2025-07-04,1.5,Women,0,0
C823941451593,2023-01-10,3.0,,1,0
C756652151594,2023-03-24,1.5,Women,0,0
C590971451595,2024-09-26,1.0,Women,1,0
C039800711596,2022-10-31,1.5,,1,0
C466318311597,2025-05-12,1.5,,1,0
C638474751598,2022-11-22,1.5,,1,0
C476561161599,2022-02-16,2.0,Men,0,0
C520227381600,2023-11-01,2.0,Women,0,0
C527956051601,2023-09-03,1.5,Men,1,0
C725530251602,2022-12-06,1.5,Women,1,0
C381362521603,2024-02-04,3.0,Women,1,0
C323168281604,2024-07-14,1.0,Women,0,0
C251075501605,2022-06-09,1.5,,1,0
C293096531606,2025-01-17,1.5,Women,1,0
C163984601607,2023-04-02,1.5,Women,0,0
C106875261608,2024-04-01,1.5,Women,0,0
C404882511609,2023-07-22,1.5,Women,1,0
C955850251610,2024-12-09,1.5,,0,0
C983394271611,2022-12-20,3.0,,0,0
C131934421612,2024-02-09,1.5,,1,0
C606079621613,2025-05-09,3.0,,0,0
C998485381614,2023-04-19,1.0,,0,0
C297353681615,2023-12-16,1.5,,1,0
C825526001616,2024-03-27,1.0,Men,1,0
C369562101617,2022-06-21,1.0,,0,0
C029508151618,2022-03-24,1.0,,1,0
C453753681619,2024-02-14,1.5,Women,0,0
C170247451620,2022-06-09,3.0,Women,0,36
C897664701621,2023-08-06,1.5,,0,0
C637443311622,2022-03-28,1.0,,0,0
C309097901623,2024-03-28,2.0,Women,1,0
C465411671624,2022-05-16,1.0,,0,0
C135609291625,2024-08-28,2.0,Women,1,0
C614805221626,2024-12-30,2.0,,0,0
C212009271627,2024-06-22,2.0,Women,0,0
C186660101628,2023-01-16,2.0,Women,0,0
C390474591629,2024-05-04,1.0,Women,0,0
C486530961630,2023-01-13,2.0,,1,0
C234602421631,2024-06-08,1.0,,0,0
C989366891632,2023-03-17,1.5,Men,0,0
C481999441633,2023-07-28,1.0,,0,0
C010749431634,2022-08-29,1.0,Men,1,0
C172161661635,2022-04-08,1.5,,0,0
C864806991636,2023-12-03,1.0,,0,0
C903769021637,2025-03-31,1.0,Women,1,0
C055979001638,2023-12-31,1.5,Women,0,0
C969067801639,2023-01-19,1.5,Women,0,0
C184230191640,2025-05-20,2.0,Women,1,0
C527152221641,2025-06-15,2.0,Women,1,0
C820614211642,2024-01-01,1.5,Women,0,0
C683751451643,2022-01-04,1.0,Women,0,0
C818804701644,2024-08-30,1.5,Men,0,0
C256766451645,2022-10-11,1.0,,1,0
C842363021646,2021-11-27,1.5,Men,0,0
C380223561647,2023-01-04,1.0,Women,0,0
C576728851648,2022-02-16,1.5,,0,0
C378554151649,2023-11-15,1.0,,0,0
C855136791650,2024-04-27,1.5,,1,0
C405203841651,2025-04-01,1.5,,1,0
C715882231652,2023-06-10,1.0,,0,0
C492986041653,2021-11-20,1.0,Women,1,0
C356228011654,2023-02-15,1.5,,0,0
C833789861655,2024-09-08,1.0,,0,0
C122381761656,2022-01-12,3.0,Women,1,0
C279444281657,2022-01-23,1.5,Women,0,0
C062351021658,2025-01-23,3.0,,1,0
C357161111659,2022-06-10,1.5,,0,0
C009969121660,2025-01-18,1.0,,0,0
C310397971661,2024-01-25,3.0,,0,0
C036442181662,2021-12-02,1.0,Men,0,0
C532859721663,2022-01-09,1.0,Women,1,0
C612346131664,2023-08-29,1.0,Women,0,0
C221410011665,2023-12-25,1.5,Women,1,0
C284124261666,2023-12-19,2.0,,1,0
C912102251667,2022-05-24,1.5,,0,0
C695385761668,2024-10-06,1.0,Women,1,0
C552112191669,2025-05-09,3.0,,0,0
C921826841670,2024-02-15,1.0,,1,0
C790662841671,2024-02-16,2.0,,0,0
C003948191672,2025-06-23,1.0,Women,0,0
C212264781673,2025-07-27,1.5,Women,0,0
C013842561674,2025-07-05,3.0,,0,0
C855796571675,2024-04-15,1.0,,0,0
C755923621676,2022-04-21,1.0,Men,1,0
C439625821677,2023-06-09,1.5,,0,0
C340000401678,2025-05-17,1.0,,0,0
C607224561679,2024-01-12,1.5,Women,0,0
C072738071680,2022-01-26,1.5,,1,0
C613308151681,2023-06-17,1.5,,1,0
C373027021682,2023-03-10,1.0,,1,0
C378936221683,2022-12-20,1.5,Men,0,0
C874636211684,2023-11-27,1.0,Men,0,0
C461501511685,2023-06-23,1.0,Men,0,0
C820036831686,2023-03-23,3.0,,1,0
C867388411687,2022-01-04,1.5,Women,0,0
C988114191688,2023-10-04,1.0,Women,1,0
C195324781689,2023-02-23,2.0,,0,0
C453961301690,2023-11-10,1.5,Women,0,0
C461252351691,2022-11-01,1.5,Women,0,0
C387990981692,2025-01-28,1.5,,1,0
C910035151693,2022-12-02,1.0,,0,0
C153783041694,2025-06-19,1.0,Women,0,0
C405374041695,2022-04-22,3.0,Women,0,0
C075494031696,2024-07-27,1.0,Women,1,0
C645703781697,2023-11-29,3.0,,0,0
C407841261698,2022-08-06,1.0,,0,0
C513300991699,2024-03-23,1.5,Women,1,31
C550385291700,2022-07-27,1.0,,1,0
C454579561701,2025-03-13,1.5,,0,0
C851203411702,2022-04-25,1.5,,0,0
C314116471703,2023-08-24,2.0,Women,1,0
C277307511704,2022-04-11,3.0,Men,1,0
C080844361705,2023-03-11,1.5,Women,1,0
C756733781706,2025-03-30,1.0,,1,0
C648213651707,2023-05-16,1.0,Women,1,0
C346342931708,2024-11-20,2.0,,1,0
C644489641709,2022-07-20,1.5,,0,0
C461096211710,2025-02-16,3.0,,0,0
C782517261711,2023-05-28,1.0,,1,0
C912840641712,2023-11-15,1.5,Women,0,0
C565292891713,2023-09-21,3.0,,0,0
C463060111714,2023-07-24,1.0,Women,0,0
C270884221715,2024-10-09,3.0,Men,0,0
C216773351716,2025-04-27,1.5,Women,1,0
C662315861717,2025-02-05,2.0,Women,1,0
C247061471718,2022-11-07,2.0,Women,1,0
C298250471719,2022-01-01,1.0,Men,1,0
C872464921720,2023-04-30,1.0,Women,1,0
C126202761721,2023-05-14,3.0,Women,0,0
C607844591722,2024-08-27,2.0,Women,1,0
C726942961723,2022-04-05,3.0,Women,0,0
C212908101724,2022-12-01,2.0,Men,1,0
C622666171725,2022-11-30,1.5,Men,0,0
C923837041726,2024-07-03,1.5,,0,0
C716898421727,2025-07-28,1.5,,0,0
C324628001728,2024-06-09,3.0,,0,0
C060248301729,2023-05-31,1.0,Men,0,0
C776203451730,2025-06-05,2.0,Women,0,0
C749669621731,2024-08-26,1.0,Women,0,0
C720736461732,2022-11-30,1.0,,0,0
C602733961733,2023-02-26,1.5,,1,0
C618958031734,2023-10-16,1.5,Men,0,0
C927261101735,2023-01-17,1.0,,0,0
C002641381736,2021-11-17,1.5,Women,1,0
C530133251737,2023-07-19,1.0,,1,0
C294682131738,2022-11-21,3.0,Women,1,0
C111980511739,2024-05-14,2.0,,0,0
C515734871740,2024-11-28,2.0,Women,1,0
C695824421741,2024-07-11,2.0,,1,0
C258410431742,2022-02-08,1.0,Women,0,0
C245401851743,2024-10-28,3.0,Women,1,0
C943897691744,2024-08-28,1.0,,0,0
C276912451745,2025-05-01,2.0,,1,0
C944793261746,2023-03-09,3.0,Women,0,0
C147167811747,2023-02-18,1.0,Women,1,0
C730077641748,2024-01-10,1.5,Women,0,0
C984863671749,2022-09-19,1.0,,1,0
C275899031750,2024-05-28,1.0,,0,0
C428388531751,2025-02-28,1.5,Women,1,0
C348144731752,2024-07-17,1.5,Women,1,0
C874735171753,2023-03-01,1.0,,0,0
C871962701754,2023-04-04,2.0,Women,1,0
C243764381755,2022-06-18,1.0,Women,0,0
C902149381756,2022-12-22,1.5,,1,0
C256205611757,2023-12-12,1.0,,1,0
C633122001758,2022-08-03,1.0,,0,0
C955405251759,2022-03-27,3.0,,1,0
C702506801760,2024-06-23,1.0,,0,0
C935510831761,2022-01-24,1.0,,1,0
C121976981762,2022-09-25,2.0,,1,0
C781346861763,2025-04-29,1.0,Women,0,0
C578141651764,2024-05-18,1.5,,0,0
C203882421765,2023-02-04,1.5,,1,0
C644623921766,2022-07-27,1.5,,0,0
C023100911767,2022-09-15,1.5,Women,0,0
C454705111768,2023-08-17,1.0,,1,0
C901340851769,2024-05-14,1.0,Women,0,0
C054860671770,2023-11-26,1.0,,0,0
C818723811771,2024-11-17,1.5,Men,0,0
C009148741772,2024-01-07,2.0,,0,0
C118617921773,2021-11-22,2.0,,0,0
C649249061774,2022-09-30,1.0,Men,1,0
C264230801775,2021-11-25,1.5,,0,0
C753080821776,2025-06-16,1.0,Men,1,0
C085907251777,2022-03-14,2.0,,0,0
C512865041778,2023-09-18,1.5,,0,0
C096972761779,2021-12-14,2.0,Men,1,0
C696729581780,2023-07-30,1.0,Women,0,0
C984833281781,2023-08-18,1.0,Women,1,0
C023210151782,2025-06-09,1.5,Women,1,0
C265039291783,2025-04-05,1.5,,1,0
C937432511784,2024-06-17,1.0,,0,0
C882406821785,2024-04-02,3.0,,1,0
C448681251786,2025-02-19,1.0,Men,0,0
C472248801787,2022-12-20,3.0,Women,1,0
C705124791788,2023-09-16,1.0,Women,0,0
C984221281789,2025-05-24,1.0,Women,0,0
C096426261790,2025-06-28,1.0,,1,0
C448955201791,2025-04-21,1.5,Women,0,0
C634139271792,2023-02-04,1.0,Women,1,0
C355514071793,2024-05-04,1.0,,1,38
C099039501794,2023-08-29,1.0,Women,0,0
C244992891795,2024-01-03,3.0,Women,1,0
C631841881796,2023-04-18,3.0,,1,0
C768865741797,2023-03-22,1.5,,0,0
C500936461798,2025-02-28,1.5,,1,0
C052907391799,2023-07-05,1.5,,1,0
C851388741800,2022-10-17,1.0,Men,1,0
C246235701801,2023-02-15,1.0,,1,0
C116241601802,2024-01-07,3.0,,1,0
C025913041803,2024-10-25,1.5,Women,0,0
C928011351804,2025-03-16,1.5,,1,0
C002709771805,2025-05-05,3.0,Women,0,0
C811859041806,2024-06-03,1.5,Men,1,0
C438258921807,2021-12-03,1.5,Women,0,0
C375077481808,2023-05-13,2.0,Women,0,0
C557303561809,2025-07-05,1.5,,1,0
C821596671810,2024-06-03,1.0,Women,0,0
C800869621811,2022-10-01,1.5,Women,0,0
C630111401812,2023-04-12,1.0,,1,0
C236608011813,2025-07-01,1.0,,1,0
C269033171814,2024-02-14,1.0,,1,0
C136698701815,2023-07-01,1.0,,0,0
C366395711816,2023-03-31,1.0,,0,0
C398522031817,2022-01-13,1.5,Women,0,0
C570138271818,2022-03-02,3.0,Women,1,0
C389930301819,2024-11-29,3.0,Women,0,0
C528107751820,2023-06-07,1.5,Men,0,0
C452572051821,2024-05-28,3.0,Women,0,0
C902523791822,2024-04-15,2.0,,1,0
C592821901823,2021-12-30,1.0,,1,0
C781543881824,2024-01-08,1.5,,1,0
C708317151825,2024-07-12,1.0,,1,0
C375940871826,2023-04-27,1.5,,0,0
C502954861827,2024-12-14,1.0,,1,0
C428161301828,2022-04-03,1.0,,1,0
C757416321829,2022-04-01,1.5,Women,1,0
C319248021830,2023-03-26,1.0,Men,0,0
C098114881831,2024-02-20,1.5,Women,1,0
C043191661832,2023-02-28,1.0,,1,0
C031931351833,2021-11-29,1.5,,0,0
C642751781834,2022-08-21,3.0,,1,0
C188424751835,2021-11-30,2.0,Men,1,0
C369179861836,2022-06-02,1.5,,0,0
C417213441837,2023-02-27,1.5,,1,0
C226927551838,2022-03-13,2.0,,0,0
C121335311839,2023-01-15,1.0,Women,0,0
C099576811840,2024-01-29,1.5,Women,0,0
C402481531841,2024-02-22,1.0,,0,0
C414796721842,2023-04-08,1.0,Women,0,0
C614207791843,2024-08-10,1.0,,1,0
C215784471844,2023-02-28,1.5,,1,0
C345935261845,2023-07-24,1.0,Women,0,0
C704240651846,2024-01-23,1.0,,1,0
C839682341847,2022-03-13,1.5,,0,0
C218986591848,2025-06-14,1.5,Men,0,0
C670021941849,2024-09-19,1.5,,1,0
C945749681850,2022-10-09,2.0,,0,0
C074859711851,2022-01-16,1.0,Women,0,0
C243257791852,2022-10-06,1.0,,1,0
C206232621853,2022-01-10,1.0,Women,1,0
C025709041854,2023-03-19,1.0,Women,0,0
C652814751855,2023-08-14,1.5,,0,0
C820972421856,2025-02-07,1.0,,1,0
C198930321857,2022-03-05,3.0,,1,0
C670167721858,2022-01-27,3.0,,1,0
C766207511859,2024-09-06,1.0,,0,0
C970495241860,2023-04-14,1.0,,1,0
C230712521861,2022-10-06,1.5,Women,0,0
C267444161862,2024-02-05,2.0,,1,0
C585355991863,2022-02-03,1.0,Women,0,0
C428374281864,2025-02-25,1.5,Women,1,0
C537416791865,2024-06-13,1.5,Men,0,0
C379014561866,2024-02-19,1.5,,1,0
C474316391867,2023-11-04,1.0,Women,1,0
C318172221868,2024-09-14,3.0,,1,0
C413389641869,2024-02-10,3.0,Women,1,0
C172206131870,2024-04-05,1.5,Women,1,0
C437244481871,2022-10-28,1.5,Women,0,0
C532760681872,2022-05-22,1.0,Men,1,0
C563354491873,2022-11-09,1.5,Women,0,0
C033333911874,2022-08-13,3.0,Women,1,0
C247163491875,2023-04-06,1.0,,1,0
C761860451876,2021-11-08,1.0,Women,0,0
C081909241877,2022-10-02,3.0,Women,1,0
C743791901878,2024-03-26,1.0,Women,0,0
C198123641879,2024-04-07,2.0,,0,0
C105842591880,2024-09-13,1.0,Women,0,0
C015317331881,2023-05-08,1.0,Women,0,0
C258520521882,2022-06-19,1.5,Men,0,0
C893483641883,2021-12-09,1.0,Women,1,0
C431640531884,2024-02-22,1.0,Women,1,0
C513754371885,2022-03-26,1.0,Women,0,0
C616348921886,2022-03-09,2.0,Men,1,0
C525132651887,2023-04-04,3.0,Women,0,0
C890506261888,2023-12-22,1.5,Women,0,0
C076273591889,2022-05-21,3.0,Women,0,0
C445021141890,2022-05-12,3.0,Women,0,0
C839674921891,2023-09-21,1.0,,1,0
C990297761892,2023-02-20,1.0,Women,1,0
C316266731893,2025-04-21,1.5,,1,0
C870108321894,2021-12-28,1.5,,0,0
C762042181895,2024-03-25,1.5,Women,0,0
C432370921896,2021-12-11,1.5,,1,0
C255767991897,2022-04-22,1.0,Women,1,0
C198984211898,2022-04-18,2.0,,1,0
C471997701899,2024-12-01,1.0,Women,1,0
C481795741900,2023-12-05,3.0,,0,0
C655102871901,2022-05-08,1.0,,0,0
C224240591902,2022-09-30,1.0,,0,0
C170587911903,2025-07-22,1.0,,0,0
C150932701904,2022-10-04,1.0,Women,0,0
C173867101905,2024-02-01,3.0,Women,1,0
C622292291906,2021-12-12,2.0,Men,1,0
C737306931907,2025-04-22,2.0,Women,0,0
C069310001908,2023-11-27,1.0,Women,1,0
C578581851909,2024-10-20,1.5,,1,0
C941064971910,2022-06-24,1.5,,0,0
C166173931911,2024-07-14,2.0,,1,0
C204357091912,2022-01-31,3.0,,0,0
C513228581913,2022-02-20,3.0,Women,1,0
C547856791914,2023-09-28,1.0,,0,0
C095784991915,2024-06-12,1.5,,0,0
C483175171916,2021-12-19,1.0,Women,0,0
C832779381917,2023-04-25,1.0,Men,0,0
C426357011918,2022-05-16,1.5,,0,0
C819826831919,2025-05-09,1.5,,0,0
C075318091920,2021-12-05,1.5,Women,1,0
C634414161921,2023-01-22,1.0,,1,0
C859003791922,2024-08-28,2.0,Women,1,0
C278239911923,2023-01-16,1.5,Women,1,0
C170235451924,2023-10-09,1.5,,1,0
C583051261925,2023-01-10,1.5,,1,0
C633697771926,2024-02-08,1.0,Women,1,0
C594749261927,2024-03-27,2.0,Women,0,0
C354124211928,2024-08-27,3.0,,1,0
C985740471929,2023-08-08,1.0,Women,1,0
C025241041930,2025-02-14,1.0,,0,0
C708057561931,2022-09-14,1.0,Women,0,0
C135159431932,2022-07-06,1.0,,0,0
C423947671933,2023-07-28,3.0,Women,1,0
C983714811934,2022-01-09,1.0,Women,1,0
C292499201935,2023-02-01,1.0,,0,0
C100937901936,2025-04-21,1.0,Men,0,0
C920600011937,2024-05-03,1.5,Men,0,0
C664631531938,2022-04-26,3.0,Women,1,0
C979014661939,2025-01-16,3.0,,0,0
C877544551940,2023-07-31,1.0,,0,0
C328886411941,2025-04-09,1.0,,1,0
C331699471942,2022-08-09,1.0,,0,0
C364356181943,2024-11-29,1.0,Women,1,73
C393762901944,2023-03-05,1.5,Women,1,0
C694845461945,2022-12-19,1.5,,0,0
C007509301946,2022-05-01,2.0,,1,0
C132503241947,2025-04-26,1.0,,0,0
C472327551948,2023-08-25,2.0,Women,0,0
C358028981949,2024-08-19,1.0,,1,0
C371250951950,2023-03-24,1.5,Women,0,0
C576442571951,2023-01-08,1.5,,0,0
C796506821952,2023-01-25,1.0,,0,0
C603985821953,2022-05-29,1.5,Women,1,0
C268914171954,2022-09-08,1.0,,1,0
C624647641955,2024-02-25,3.0,Men,0,0
C229125541956,2023-05-11,1.0,,1,0
C474224891957,2023-04-17,1.0,Women,0,0
C657116161958,2021-11-07,1.5,,1,0
C638994281959,2023-02-14,1.5,Women,1,0
C149767101960,2022-03-11,3.0,Women,0,0
C587762661961,2022-01-26,2.0,,0,0
C553635831962,2025-05-22,1.5,,1,0
C690868991963,2024-12-13,2.0,Women,1,0
C466426281964,2022-09-24,1.0,,0,0
C925412871965,2025-07-06,3.0,,1,0
C875247691966,2022-08-06,3.0,,1,0
C708892621967,2025-05-20,2.0,Men,1,0
C257886351968,2025-04-14,1.5,Women,0,0
C683540801969,2025-05-17,1.0,Women,1,0
C621827591970,2022-09-04,1.0,,1,0
C941530951971,2023-04-28,1.5,Women,1,0
C293175891972,2023-12-11,3.0,Men,0,0
C987992741973,2025-04-21,1.0,Women,1,0
C329111051974,2025-07-05,3.0,,0,0
C211949281975,2023-04-26,1.0,Women,0,0
C356656281976,2025-03-27,1.0,,1,0
C347447201977,2023-06-08,1.5,,0,0
C150797931978,2025-04-18,1.0,Women,1,0
C108528191979,2024-03-23,1.5,Women,0,0
C414784681980,2023-12-05,2.0,,0,0
C116899131981,2023-01-21,1.0,Women,1,0
C565714151982,2023-01-11,1.0,Women,0,0
C054355071983,2023-04-22,3.0,,0,0
C190437351984,2024-03-22,1.5,Men,0,0
C909360671985,2023-08-21,1.0,Women,1,0
C094507001986,2025-07-11,1.5,,0,0
C043785201987,2024-02-12,2.0,Women,1,0
C851161461988,2023-06-28,2.0,,0,0
C491056751989,2025-07-15,2.0,,0,0
C699085391990,2022-10-10,1.5,,1,39
C698016711991,2023-02-27,3.0,Women,0,0
C530260351992,2023-12-28,1.5,,1,0
C761391391993,2023-08-04,1.5,,0,0
C161636971994,2022-08-16,1.0,Women,1,0
C810191031995,2022-07-28,1.0,,1,0
C147134821996,2023-10-12,1.5,Women,1,0
C663013501997,2022-09-30,1.0,Women,0,0
C175895331998,2022-07-25,2.0,,0,0
C601749761999,2024-12-05,1.5,Women,0,0
